,accommod,account,action,activ,addit,adjust,agenc,anticip,appropri,assess,balanc,ben,bernank,board,brainard,busi,chair,chairman,charl,close,committe,condit,consist,continu,current,daniel,debt,decid,declin,determin,develop,dudley,econom,economi,employ,energi,expand,expect,feder,financi,fix,fomc,foster,fund,futur,gain,goal,governor,gradual,growth,help,hold,hous,household,howev,improv,includ,incom,increas,indic,in0,inform,intern,invest,issu,janet,jerom,job,john,judg,keep,labor,lael,level,like,longer,longerterm,low,maintain,mandat,market,maximum,measur,medium,met,moder,monetari,monitor,month,mortgageback,note,object,open,outlook,pace,percent,polici,powel,pressur,price,promot,randal,rang,rate,read,receiv,recent,reflect,relat,remain,reserv,risk,run,sector,secur,seek,sinc,size,spend,stabil,stanc,statutori,s1port,sustain,system,take,target,term,time,today,treasuri,unemploy,vice,vote,warrant,wide,will,william,year,yellen,inflation
1,3,1,2,3,0,0,3,3,4,3,3,0,0,1,1,1,1,1,1,1,23,5,5,5,6,1,1,1,2,1,2,1,6,0,6,2,2,8,7,2,1,1,1,5,0,1,2,1,1,0,1,2,1,1,1,4,1,1,3,4,16,3,0,1,0,1,1,1,0,2,2,7,1,4,4,1,4,1,4,2,7,4,4,0,1,3,3,1,0,2,0,3,1,1,2,7,7,1,1,4,0,0,7,6,1,1,0,1,0,4,1,2,3,1,4,1,2,0,1,2,1,1,1,0,1,2,7,0,3,1,1,1,1,2,1,1,6,1,0,1,2
2,0,1,1,3,1,2,1,0,1,2,0,0,0,1,1,1,2,0,0,1,5,5,0,3,0,0,0,1,1,1,2,0,7,3,4,0,0,3,4,3,0,0,1,1,1,0,0,1,0,0,0,1,0,2,0,0,2,1,0,1,6,3,1,0,1,0,1,1,1,0,0,1,1,0,0,0,0,0,2,0,4,3,2,1,0,0,3,2,0,1,1,2,1,2,0,2,3,1,2,4,1,1,4,1,1,0,1,0,2,0,3,1,0,0,2,0,0,1,0,2,1,0,4,0,1,1,2,3,2,0,1,0,1,0,0,1,8,1,0,0,2
3,0,0,2,2,1,1,2,3,0,0,1,1,1,0,0,1,0,2,1,0,6,4,0,4,0,1,1,1,0,0,0,1,6,0,1,1,0,1,8,3,1,1,0,2,0,0,0,1,2,2,0,0,2,1,1,2,0,1,0,0,1,1,0,1,0,1,0,1,0,0,0,0,0,2,3,0,0,1,1,0,8,0,0,0,1,0,2,1,0,1,0,0,1,1,1,1,2,0,1,3,2,0,1,2,0,1,1,0,0,3,5,0,0,0,4,0,1,1,1,4,0,0,1,1,1,0,1,0,2,0,2,0,1,1,2,0,8,1,1,0,2
4,3,1,1,2,1,1,1,0,3,3,0,0,0,1,1,0,2,0,0,0,9,4,1,3,1,0,0,1,1,0,0,0,5,3,5,0,0,4,4,3,0,0,1,1,0,0,2,1,0,0,1,2,0,2,0,0,1,1,1,0,10,2,1,0,1,0,1,0,1,0,1,2,1,2,0,1,1,0,2,0,3,3,1,1,0,2,4,1,1,1,1,0,0,2,1,7,5,1,1,3,1,1,4,2,1,0,0,1,0,3,3,2,2,0,2,1,0,0,0,1,3,0,3,1,1,1,2,1,4,0,1,0,1,1,0,1,7,1,1,0,0
5,2,0,2,1,1,0,3,3,0,0,0,1,1,1,0,1,0,2,0,1,9,2,4,3,1,1,1,2,2,0,1,1,8,0,2,0,0,3,5,2,1,1,1,3,0,0,0,1,1,2,1,2,1,1,0,2,0,1,0,0,5,2,0,1,0,1,1,0,1,2,1,1,0,3,2,0,1,3,2,4,3,1,0,2,1,1,2,1,1,2,0,0,1,2,1,1,3,1,0,3,1,0,1,8,0,1,1,1,0,4,1,1,1,1,3,1,2,0,1,2,1,1,1,1,1,0,1,1,2,1,0,2,1,2,2,0,4,2,4,1,2
6,6,1,3,0,2,0,5,2,5,0,1,1,1,1,0,1,0,2,1,1,17,3,4,7,1,1,1,3,1,2,1,1,8,0,4,1,0,6,4,4,1,1,1,2,1,0,2,1,1,2,2,1,1,1,0,2,1,1,2,1,10,3,0,1,0,1,1,0,0,1,1,3,0,2,2,0,4,1,3,2,5,3,1,1,1,2,4,1,2,4,0,3,1,1,4,5,8,1,2,3,0,0,2,7,1,1,1,1,0,4,1,2,2,1,6,1,1,1,1,1,2,1,3,0,1,2,1,1,3,0,3,3,1,2,0,0,10,1,1,0,0
7,3,1,1,1,0,1,1,0,3,3,0,0,0,1,1,0,2,0,1,0,11,4,1,6,0,0,0,1,0,0,0,0,3,5,5,0,0,5,3,3,0,0,1,1,0,0,4,1,0,0,1,1,0,2,0,1,1,1,1,2,9,2,1,0,1,0,1,0,1,1,1,2,1,1,1,1,0,0,2,0,3,4,1,0,0,3,4,1,3,0,1,0,0,2,1,7,6,1,1,2,1,1,4,2,1,0,1,2,0,2,2,2,2,1,2,1,1,0,0,2,3,0,4,0,1,1,2,0,4,0,1,0,1,0,1,1,5,1,0,0,1
8,0,0,4,0,0,0,0,0,0,1,0,1,1,3,0,0,0,2,1,0,3,1,0,2,0,0,0,1,0,0,3,0,4,1,0,0,0,0,4,2,0,1,1,1,0,0,0,2,0,3,1,0,1,0,1,1,0,0,1,0,3,0,0,0,0,0,0,0,0,1,0,0,0,0,0,0,0,0,0,0,3,0,0,0,0,2,1,1,0,0,0,0,1,0,0,0,1,0,0,1,1,1,0,2,1,0,0,0,1,1,2,1,0,0,0,0,1,0,0,1,0,0,0,1,1,1,1,0,0,1,0,0,1,0,0,0,3,1,1,0,2
9,1,1,2,2,0,2,3,1,0,2,2,0,0,1,1,1,1,1,1,0,12,6,0,3,1,0,1,1,2,1,3,1,6,1,2,1,2,10,9,1,1,1,1,6,1,1,1,1,3,0,0,2,0,1,1,0,1,1,1,2,11,3,1,1,1,1,1,1,0,0,0,5,1,1,2,1,1,1,2,1,6,2,4,1,1,3,3,2,3,2,1,2,1,2,1,6,5,1,1,2,0,0,4,6,1,1,2,0,2,4,2,1,2,0,5,1,2,1,1,2,2,1,1,1,1,1,3,2,2,0,1,1,1,1,1,1,8,1,3,1,2
10,3,1,3,1,3,0,6,2,3,0,0,1,1,0,0,1,0,2,0,1,11,2,1,6,1,1,1,1,0,1,1,1,6,0,4,0,1,2,5,3,1,1,1,3,0,0,0,1,0,3,2,3,1,1,0,4,0,1,3,0,4,2,0,1,0,1,1,0,1,0,1,2,0,3,4,0,3,2,1,2,5,2,0,1,1,1,2,1,4,5,0,0,1,2,3,2,6,1,1,4,0,0,1,6,0,1,2,0,0,3,1,1,1,1,7,1,1,1,1,3,1,1,3,1,1,1,1,1,3,2,1,1,1,1,1,0,6,2,2,1,0
11,0,0,2,1,1,0,2,2,0,0,1,1,1,0,0,2,0,2,1,0,7,4,0,4,0,1,1,0,0,0,0,1,9,1,1,0,0,1,9,5,1,1,1,2,0,0,0,1,1,2,0,0,2,2,0,2,0,0,1,1,2,1,0,1,0,1,0,1,0,0,0,0,0,1,2,1,0,1,1,0,8,0,0,0,1,0,2,1,0,1,0,0,1,2,1,1,2,0,0,3,1,0,2,3,0,1,0,1,0,3,6,1,0,0,3,0,2,1,1,4,0,0,2,1,1,0,1,0,3,0,1,0,1,0,1,0,8,1,1,0,0
12,5,1,1,3,1,0,6,1,5,2,3,1,1,1,0,1,0,2,1,1,25,5,5,6,3,1,1,2,3,1,3,1,8,2,5,0,1,6,5,3,1,1,1,2,1,0,3,1,1,2,2,4,1,1,1,5,1,2,0,3,14,4,0,1,0,1,1,0,0,1,0,8,0,1,3,0,5,1,4,3,10,4,3,1,1,1,3,2,6,5,0,4,1,4,6,7,7,1,2,3,1,0,2,8,1,1,2,0,0,5,1,2,2,1,9,1,2,0,1,3,2,1,3,0,1,2,2,1,3,1,4,4,1,1,0,0,14,1,1,1,0
13,0,0,1,2,0,0,1,2,0,1,2,1,1,0,0,1,0,2,1,0,9,4,0,4,0,0,1,1,2,0,1,1,6,2,2,1,2,1,9,4,0,1,1,2,0,0,0,1,1,2,1,0,2,2,0,2,0,0,0,1,2,0,0,0,0,1,0,0,0,0,2,0,0,1,2,1,1,1,0,0,7,0,1,0,1,0,2,1,1,1,0,0,2,1,0,0,2,0,1,4,1,0,1,3,0,1,1,1,0,2,6,2,0,0,4,0,1,2,0,1,0,0,3,1,1,0,2,1,2,1,2,0,1,1,1,0,5,1,1,0,2
14,1,0,1,0,2,0,0,2,0,0,0,1,1,1,0,1,0,2,0,0,7,2,3,8,1,1,0,0,0,0,1,1,5,1,3,0,0,3,5,2,0,1,0,3,1,0,0,1,2,2,0,2,2,1,0,0,1,1,1,1,6,1,0,1,0,0,0,0,0,2,0,0,0,7,3,2,1,3,2,3,1,1,1,0,1,1,1,1,2,0,0,1,1,1,3,1,4,0,1,2,1,0,1,5,0,1,2,0,0,3,1,0,1,0,2,0,1,0,2,2,0,0,2,0,1,0,1,1,2,0,0,1,1,2,2,0,4,1,1,0,0
15,0,2,1,3,3,1,2,0,3,3,0,0,0,1,0,1,2,0,0,0,11,2,0,3,0,0,1,1,0,1,1,0,5,0,1,0,1,1,2,2,0,0,0,1,0,1,2,1,0,0,0,1,0,1,0,0,1,1,0,1,9,3,1,0,1,0,1,1,1,0,0,1,0,0,1,1,0,1,0,0,1,1,0,0,0,1,6,1,1,1,1,0,0,1,1,4,7,1,1,0,0,0,2,3,1,0,2,0,0,4,1,1,1,0,2,1,0,0,0,0,2,0,1,0,2,2,1,0,1,0,1,1,1,0,0,1,5,1,0,0,1
16,3,1,1,1,0,1,1,0,3,4,0,0,0,1,1,0,2,0,1,0,11,4,1,6,0,0,0,1,0,0,0,0,3,5,5,0,0,4,3,3,0,0,1,1,0,0,4,1,0,0,1,1,0,2,0,1,1,1,1,2,9,2,1,0,1,0,1,0,1,0,1,2,1,1,1,1,0,0,2,0,3,4,1,0,0,2,4,1,2,0,1,0,0,2,0,7,6,1,1,2,1,1,4,2,1,0,0,2,0,2,2,2,2,1,2,1,1,0,0,2,3,0,4,0,1,1,2,0,4,0,1,0,1,0,0,1,6,1,0,0,1
17,1,1,1,2,0,2,0,0,0,2,1,0,0,1,1,1,0,2,0,0,9,6,0,2,0,0,0,1,0,1,3,1,7,0,2,1,1,9,7,1,1,1,1,5,1,1,1,1,2,1,0,0,0,1,1,0,1,1,2,2,12,3,1,1,1,0,1,1,1,0,0,5,1,1,1,1,1,2,0,1,6,2,3,2,1,3,3,2,6,0,1,2,1,3,1,5,3,1,1,1,0,1,3,8,2,1,4,0,2,4,1,1,2,0,0,1,1,1,1,2,2,1,1,1,1,1,2,2,2,0,0,1,1,0,1,1,8,1,0,0,1
18,0,0,0,0,0,0,0,0,0,0,0,1,1,0,0,0,0,2,0,0,2,2,0,1,0,0,0,0,0,0,0,0,1,2,0,0,1,0,2,2,0,0,0,0,0,0,0,1,0,2,0,0,0,0,0,0,0,0,2,0,0,0,0,0,0,0,0,0,0,1,0,0,0,0,0,0,0,0,0,0,3,0,0,0,0,1,0,1,0,0,0,0,1,0,1,0,1,0,0,0,0,1,0,0,0,0,1,0,0,0,1,1,0,0,0,0,0,0,0,0,0,0,0,0,1,0,0,0,0,0,0,0,1,1,0,0,0,0,0,0,0
19,0,2,1,2,2,1,2,1,3,3,0,0,0,1,0,1,2,0,0,1,12,2,0,2,0,0,1,1,0,1,2,0,4,0,1,0,0,1,2,2,0,0,0,1,1,1,2,1,0,1,0,1,0,1,0,0,1,2,1,1,9,3,1,0,1,0,1,1,1,0,0,1,0,0,1,1,0,1,0,0,1,1,0,0,0,0,7,2,1,1,1,0,0,1,1,4,8,1,1,0,0,0,3,3,1,0,3,0,0,3,1,1,2,0,2,1,0,0,1,0,3,0,1,0,2,2,2,0,1,0,1,1,1,0,0,1,5,1,0,0,1
20,0,0,5,1,0,0,0,0,0,0,0,1,1,3,0,0,0,2,1,0,3,1,0,1,0,0,0,1,0,0,1,0,4,0,0,1,0,2,4,1,0,1,1,1,0,0,0,2,0,5,1,0,1,0,1,0,1,0,0,2,4,1,0,0,0,0,0,0,0,0,0,1,0,0,1,0,0,0,0,0,4,0,1,0,0,2,1,1,0,0,0,0,1,2,0,0,2,0,1,2,2,1,0,2,0,0,0,1,1,1,2,2,0,0,0,0,0,0,1,0,0,0,0,1,1,1,1,0,2,1,0,0,1,1,0,0,2,0,0,0,1
21,1,0,2,0,1,1,3,3,1,1,0,1,1,1,0,1,0,2,2,1,11,1,4,6,1,1,1,2,1,0,0,1,6,1,2,0,1,3,4,1,1,1,1,2,0,0,0,1,1,2,1,4,1,1,1,1,0,1,1,1,7,2,0,1,0,1,0,0,0,1,1,1,0,4,1,0,1,2,1,4,3,1,0,1,1,3,1,0,0,2,0,0,1,3,1,1,3,0,0,2,1,0,1,5,0,1,0,0,0,3,1,1,0,1,5,1,2,1,1,2,0,1,2,0,1,0,1,0,2,1,1,2,1,2,1,0,5,1,1,1,2
22,2,2,2,3,0,2,3,1,0,2,1,0,0,0,1,1,1,1,1,0,13,5,0,4,2,1,1,1,3,1,3,1,8,0,2,2,2,8,8,2,1,1,1,6,2,1,1,1,2,0,1,2,1,1,2,4,2,1,3,3,11,3,2,1,0,1,1,1,1,1,1,8,1,3,1,1,2,1,2,1,8,2,3,2,1,2,3,2,1,2,0,3,1,3,2,7,6,1,1,4,0,0,4,7,1,1,2,1,1,3,1,1,2,1,4,1,2,1,1,1,2,1,1,0,1,3,2,2,3,0,1,1,1,0,1,1,9,1,2,1,0
23,3,1,1,2,0,0,3,3,3,2,2,0,0,1,1,1,1,1,1,1,16,3,3,6,2,1,1,1,5,1,2,1,4,0,6,3,1,4,5,2,1,1,1,3,0,1,1,1,1,3,1,2,1,2,0,2,1,1,0,3,12,2,1,1,0,1,1,1,1,1,2,7,1,5,0,1,2,2,3,2,7,4,3,2,1,2,1,1,1,2,0,3,1,1,2,5,5,1,1,6,0,0,5,4,1,1,1,3,0,7,1,1,2,1,4,1,1,0,1,2,0,1,1,0,1,2,4,3,1,1,1,1,1,1,1,1,6,2,0,1,0
24,0,0,3,2,0,0,2,1,0,0,3,1,1,5,0,2,0,1,1,0,6,4,0,1,0,0,2,1,1,0,0,0,5,1,1,1,1,1,10,2,0,1,0,2,0,0,0,2,0,1,0,0,1,1,0,0,0,0,0,1,1,0,0,1,0,0,0,0,0,0,0,1,0,1,1,0,1,1,0,0,7,0,1,0,0,1,1,0,0,2,0,0,2,1,0,1,2,0,1,2,1,1,1,4,0,0,0,0,1,1,8,0,0,0,3,0,1,1,1,0,0,0,3,2,1,1,1,1,0,1,1,0,0,0,1,0,5,0,1,0,2
25,1,1,1,3,0,2,0,0,0,2,2,0,0,1,1,1,1,1,1,0,11,6,0,2,0,0,0,1,1,1,3,1,7,1,2,1,2,9,7,1,1,1,1,5,1,1,1,1,2,1,0,0,0,1,1,0,1,1,1,2,12,3,1,1,1,1,1,1,0,0,0,5,1,1,2,1,1,2,1,1,6,2,4,2,1,3,3,2,3,0,1,2,1,2,1,6,4,0,1,3,0,0,3,7,1,1,2,0,2,5,1,1,2,0,0,1,1,1,1,2,2,1,1,1,1,1,2,4,2,0,0,1,1,0,1,1,11,1,2,1,2
26,0,0,1,0,0,2,0,0,0,0,0,1,1,1,0,0,0,2,0,0,2,0,0,1,0,0,0,1,0,0,0,0,1,1,0,0,1,1,3,0,0,1,0,1,1,0,0,1,0,1,0,0,1,0,0,0,0,1,0,1,4,0,0,0,0,0,0,0,0,0,1,0,0,1,2,0,0,0,0,0,1,0,0,0,0,3,1,0,0,0,0,0,1,1,1,0,3,0,1,0,0,1,0,1,1,0,1,0,0,1,1,1,0,1,0,0,0,0,0,0,0,0,0,1,1,0,1,0,1,1,0,0,1,0,0,0,2,1,0,0,1
27,0,0,3,0,0,0,0,0,0,0,0,1,1,4,0,0,0,2,0,0,4,0,0,0,0,0,0,1,0,0,0,0,2,0,0,3,0,1,4,0,0,1,0,1,0,1,0,2,1,3,1,1,1,0,0,0,0,1,3,0,4,1,0,0,0,1,0,0,0,1,0,1,0,0,1,0,0,0,0,0,2,0,0,0,0,1,1,0,0,0,0,0,1,1,1,1,2,0,0,2,0,1,0,3,0,0,0,1,1,1,2,1,0,0,0,0,0,0,0,0,0,0,1,1,1,1,1,0,1,1,0,0,1,0,0,0,2,0,1,0,0
28,2,1,1,2,0,2,3,1,0,2,2,0,0,1,1,1,1,1,0,1,11,6,0,2,1,1,1,1,3,1,1,1,7,0,2,2,2,9,8,3,1,1,1,6,1,1,1,1,2,0,1,2,0,1,1,0,1,1,2,3,11,3,1,1,1,1,1,1,0,0,1,6,1,3,1,1,2,1,2,1,7,2,3,1,1,3,3,2,1,2,1,2,1,2,2,6,5,1,1,4,0,0,3,7,1,1,2,1,1,3,1,1,1,0,4,1,3,1,1,1,2,1,1,0,1,1,2,1,2,0,1,1,1,0,1,1,8,1,1,1,1
29,0,0,2,0,1,0,0,0,0,0,0,1,1,0,0,0,0,2,0,0,2,0,0,0,0,0,0,1,0,0,0,0,1,1,0,1,1,1,4,0,0,1,0,2,0,0,0,1,0,2,0,0,1,0,1,0,0,1,1,0,6,0,0,0,0,1,0,0,0,1,1,0,0,1,2,0,0,0,0,0,2,0,0,0,0,2,2,0,0,0,0,0,1,1,0,0,2,0,2,1,0,1,0,2,0,0,0,2,0,1,1,2,0,0,0,0,0,0,0,0,0,0,0,1,1,0,2,0,2,1,0,0,1,1,0,0,1,1,1,1,0
30,0,0,1,0,0,1,0,2,0,0,0,1,1,1,0,1,0,2,2,0,9,2,4,5,1,1,0,1,0,0,1,1,5,0,4,0,1,2,4,1,0,1,2,2,0,0,0,1,1,2,2,2,2,1,0,1,1,2,0,0,7,2,0,1,0,1,0,0,0,1,0,1,0,5,1,1,2,3,2,4,2,2,2,0,1,0,1,1,0,0,0,1,1,1,2,1,3,0,0,4,1,0,1,5,0,1,0,0,1,3,1,0,1,1,4,1,1,1,2,3,0,1,1,0,1,0,1,0,2,1,1,2,1,1,1,0,5,1,1,1,2
31,0,1,1,1,2,1,2,1,3,2,1,0,0,1,1,0,2,0,0,0,9,1,0,2,0,0,1,1,0,0,0,0,3,0,1,1,0,1,3,1,0,0,0,1,0,1,2,1,0,1,0,1,0,0,0,0,1,1,1,1,7,2,1,0,2,0,1,1,1,0,0,1,1,0,0,1,0,1,0,0,1,1,0,0,0,0,3,1,1,1,1,0,0,1,0,3,3,1,2,2,0,0,3,3,1,0,2,1,2,2,2,1,1,0,2,1,0,1,1,0,2,0,1,0,1,1,2,0,0,0,1,1,1,0,0,1,4,1,0,0,1
32,0,1,1,2,0,1,0,0,2,3,0,0,0,1,1,1,2,0,0,0,7,3,0,1,1,0,0,1,0,1,1,0,4,0,2,1,0,3,5,1,1,0,1,3,1,1,0,1,0,0,0,0,0,1,0,0,2,1,0,2,9,3,1,1,1,0,1,1,1,1,0,3,1,0,0,0,1,2,1,1,4,2,3,0,1,2,2,1,1,0,1,3,1,1,1,4,2,1,2,1,0,1,4,4,1,1,1,0,1,4,1,0,1,0,0,1,1,1,1,1,1,1,1,1,1,1,3,0,1,0,0,1,1,0,0,1,3,1,0,0,2
33,2,1,1,2,0,1,1,0,3,2,0,0,0,1,1,0,2,0,0,0,9,3,0,7,0,0,0,2,1,0,0,0,4,3,3,0,0,3,4,3,0,0,1,2,0,2,2,1,0,0,0,2,0,2,0,1,2,1,1,1,6,2,1,0,1,0,1,1,1,0,1,2,1,1,0,1,0,0,0,0,3,1,1,0,0,0,3,1,5,0,1,0,0,2,1,3,4,1,1,0,0,0,3,4,1,0,3,1,1,2,2,2,1,1,3,1,0,0,0,0,2,0,4,0,1,1,2,0,0,0,1,1,1,1,0,1,5,1,0,0,1
34,0,0,1,1,0,0,0,0,1,0,0,0,0,1,1,0,2,0,0,1,2,0,0,0,0,0,0,1,0,0,1,0,2,1,1,0,0,0,3,0,0,0,0,1,0,0,1,1,0,0,0,0,0,0,1,0,0,0,0,0,0,0,0,0,1,0,1,0,1,0,0,0,1,0,0,0,0,0,0,0,1,1,0,0,0,0,1,1,0,0,1,0,1,1,0,1,1,1,0,1,0,1,1,1,0,0,0,0,0,1,1,2,0,0,0,0,0,0,0,1,0,0,2,0,1,0,1,0,0,1,0,0,1,0,0,0,1,1,0,0,2
35,2,1,1,2,0,2,3,1,0,2,1,0,0,1,1,1,1,1,1,2,11,6,0,5,0,0,1,1,2,1,2,1,7,0,2,1,1,8,8,3,1,1,1,6,1,1,1,1,2,3,1,2,0,1,1,0,1,1,1,3,12,3,1,1,1,1,1,1,0,0,1,5,1,3,2,1,2,1,3,1,6,2,4,1,1,1,3,2,2,2,1,2,1,2,1,6,5,0,1,2,0,0,3,7,1,1,2,0,2,4,1,1,3,0,4,1,1,1,1,2,2,1,1,1,1,1,2,1,2,0,1,1,1,0,1,1,9,1,0,1,2
36,2,1,1,2,0,2,2,0,4,3,0,0,0,1,1,0,2,0,1,0,11,4,1,7,0,0,0,2,1,0,1,0,5,4,5,0,0,3,4,3,0,0,1,1,0,2,2,1,0,0,0,2,0,2,0,2,2,1,1,1,7,2,1,0,1,0,1,1,1,1,1,3,1,2,1,1,0,0,1,0,4,3,1,0,0,0,3,1,6,1,1,0,0,3,3,3,5,1,1,1,1,1,4,3,1,0,2,1,1,2,3,2,1,1,5,1,0,0,0,1,2,0,6,0,1,1,2,0,2,0,2,1,1,0,1,1,6,1,0,0,1
37,4,1,1,3,0,0,6,2,5,4,2,0,0,1,1,1,1,1,1,1,25,7,4,4,6,1,1,2,1,1,2,1,8,1,7,0,1,5,6,3,1,1,1,4,1,0,3,1,0,2,2,4,1,1,2,5,1,2,0,5,14,4,0,1,0,1,1,0,0,3,1,11,1,3,4,1,5,0,5,3,12,5,3,0,1,2,2,1,5,5,0,4,1,4,6,5,7,1,2,3,1,0,5,7,1,1,0,1,0,6,1,1,3,1,9,1,2,0,1,3,1,1,4,0,1,2,4,0,5,1,4,1,1,2,1,1,12,1,0,1,1
38,0,1,1,2,0,1,0,0,0,2,0,0,0,1,1,1,0,2,0,0,6,4,1,2,0,0,0,1,1,1,0,0,4,0,2,1,0,5,5,1,1,1,1,3,1,1,0,1,1,1,0,0,0,1,0,0,1,0,1,3,8,2,1,1,1,0,1,1,1,0,0,4,1,0,0,0,1,0,1,1,5,2,1,1,1,1,1,0,2,0,1,3,1,1,1,3,1,1,1,1,0,1,4,5,1,1,1,0,1,1,1,1,0,0,0,1,1,1,1,1,0,1,0,1,1,1,3,1,1,0,0,1,1,0,0,1,3,1,1,0,0
39,0,0,2,0,0,0,0,2,0,0,1,1,1,1,0,1,0,2,0,0,4,2,0,6,0,1,0,0,1,0,2,1,6,0,2,1,0,3,5,3,0,1,0,3,1,0,0,1,2,2,0,0,2,1,1,1,1,1,2,0,5,1,0,1,0,0,0,0,0,0,0,1,0,4,3,1,1,3,1,0,2,0,0,0,1,1,1,1,2,0,0,0,1,1,1,1,3,0,1,3,1,0,1,5,0,1,2,1,0,3,1,1,0,0,0,0,1,0,2,3,0,0,1,0,1,0,1,0,2,0,0,1,1,2,2,0,3,1,0,0,2
40,0,2,1,3,2,1,2,0,3,3,0,0,0,1,0,1,2,0,0,1,11,2,0,2,0,0,1,1,0,1,1,0,5,0,1,0,1,1,2,2,0,0,0,1,0,1,2,1,0,0,0,1,0,1,0,0,1,2,0,0,9,3,1,0,1,0,1,1,1,0,0,1,0,0,1,1,0,1,0,0,1,1,0,0,0,0,6,2,1,1,1,0,0,1,1,4,7,1,1,0,0,0,2,3,1,0,1,0,0,4,1,1,1,0,2,1,0,0,0,0,2,0,1,0,2,2,1,0,1,0,1,1,1,0,0,1,5,1,0,0,1
41,1,1,1,3,0,2,0,0,0,2,2,0,0,1,1,1,1,1,1,0,9,6,0,3,0,0,0,1,2,1,3,1,7,1,4,1,2,9,7,1,1,1,1,5,1,0,1,1,2,1,0,0,0,1,2,0,1,1,1,2,14,3,1,1,1,1,1,0,0,0,0,5,1,1,1,1,1,1,1,1,6,2,4,2,1,2,3,2,2,0,1,2,1,2,1,6,3,1,1,2,0,1,3,8,1,1,1,0,2,5,1,1,2,0,0,1,1,1,1,2,2,1,1,1,1,1,2,4,2,0,0,1,1,0,1,1,9,1,1,1,2
42,3,1,1,3,0,0,3,3,1,3,2,0,0,1,1,1,1,1,1,1,15,4,3,5,5,1,1,1,5,1,1,1,4,0,6,3,2,6,5,2,1,1,1,3,0,1,1,1,1,0,1,2,1,2,1,2,1,1,2,4,11,3,1,1,0,1,1,1,1,2,2,7,1,4,2,1,2,0,3,1,7,4,3,1,1,2,2,1,1,2,0,3,1,1,1,3,5,1,1,4,0,0,6,3,1,1,2,1,0,3,1,1,1,1,4,1,1,0,1,1,1,1,1,0,1,2,5,2,1,1,1,1,1,1,1,1,4,2,0,1,2
43,0,0,1,0,0,1,0,2,0,0,0,1,1,1,0,1,0,2,2,1,10,2,4,7,2,1,0,1,0,0,1,1,5,0,3,1,2,4,4,1,0,1,2,2,0,0,0,1,2,0,2,2,1,1,1,1,1,1,1,0,10,2,0,2,0,1,0,0,0,1,0,1,0,5,1,1,2,3,2,4,2,2,2,0,1,0,1,1,0,0,0,0,1,1,2,1,3,0,1,6,1,0,1,4,0,1,2,0,1,2,1,0,1,1,4,1,2,1,1,3,0,1,1,0,1,0,1,0,2,1,1,1,1,1,1,0,6,1,0,1,1
44,1,1,1,2,0,2,0,0,0,2,1,0,0,1,1,1,1,1,0,0,9,6,0,2,0,0,0,1,0,1,3,1,6,0,3,1,1,9,7,1,1,1,1,5,1,1,1,1,2,0,0,0,0,1,1,0,1,1,2,2,12,3,1,1,1,1,1,0,1,0,0,5,1,1,1,1,1,2,1,1,6,2,3,1,1,1,3,2,2,0,1,2,1,2,1,5,3,1,1,1,0,1,3,7,1,1,1,0,2,4,1,1,2,0,0,1,1,1,1,2,2,1,1,1,1,1,2,1,2,0,0,1,1,0,1,1,8,1,1,1,0
45,0,1,2,1,2,1,2,1,4,2,0,0,0,1,1,0,2,0,0,0,8,1,0,2,0,0,1,1,1,0,0,0,4,1,2,1,0,3,3,1,0,0,0,2,0,1,2,1,0,0,0,1,0,0,0,0,1,1,1,1,6,2,1,0,1,0,1,1,1,0,0,2,1,0,1,1,0,0,0,0,2,1,0,0,0,0,4,1,1,1,1,1,0,1,0,4,4,1,2,2,0,0,4,4,1,0,1,1,2,2,1,1,1,0,2,1,0,0,0,0,3,0,1,0,1,1,3,1,0,0,1,1,1,2,0,1,3,1,0,0,1
46,1,1,1,2,0,2,3,1,0,2,2,0,0,1,1,1,1,1,1,0,12,6,0,3,0,0,1,1,2,1,3,1,6,1,2,1,2,10,7,1,1,1,1,5,1,1,1,1,2,0,0,1,0,1,1,0,1,1,1,2,11,3,1,1,1,1,1,1,0,0,0,5,1,1,1,1,1,1,2,1,6,2,4,1,1,2,3,2,2,2,1,2,1,2,1,6,5,0,1,2,0,0,3,6,1,1,0,0,3,4,1,1,2,0,3,1,2,1,1,2,2,1,1,1,1,1,2,2,3,0,1,1,1,0,1,1,8,1,2,1,2
47,0,2,1,2,1,1,2,1,3,2,1,0,0,1,1,0,2,0,0,0,11,1,0,2,0,0,1,1,0,1,1,0,5,0,1,1,0,1,3,2,0,0,0,1,1,1,2,1,0,1,0,1,0,0,0,0,1,1,2,1,9,2,1,0,2,0,1,1,1,0,0,1,1,0,0,1,0,1,0,0,1,1,0,0,0,0,6,1,1,1,1,0,0,1,1,4,6,1,2,2,0,0,4,3,1,0,2,1,2,2,2,1,1,0,2,1,0,1,1,0,3,0,1,0,1,2,3,0,1,0,1,1,1,0,0,1,5,1,0,0,1
48,3,1,2,4,0,0,3,3,3,2,3,0,0,1,1,1,1,1,1,1,16,3,3,6,2,1,1,1,3,1,4,1,6,0,5,2,2,4,6,3,1,1,1,4,0,1,1,1,1,0,1,2,1,1,1,4,1,0,1,3,13,2,1,1,0,1,1,1,1,1,2,8,1,5,1,1,2,1,3,2,8,4,3,2,1,3,1,2,0,2,0,3,1,1,2,5,5,1,2,5,0,0,5,4,1,1,2,1,0,3,1,1,2,1,4,1,2,0,1,2,0,1,1,0,1,2,5,4,1,1,1,1,1,2,1,1,6,2,1,1,2
49,0,1,1,1,2,1,2,1,3,2,1,0,0,1,1,0,2,0,0,0,9,1,0,2,0,0,1,1,0,0,0,0,3,0,1,1,0,1,3,1,0,0,0,1,0,1,2,1,0,0,0,1,0,0,0,0,1,1,1,1,7,2,1,0,2,0,1,1,1,0,0,1,1,0,0,1,0,1,0,0,1,1,0,0,0,0,3,1,1,1,1,0,0,1,0,3,3,1,2,2,0,0,3,3,1,0,2,1,2,2,2,1,1,0,2,1,0,1,1,0,2,0,1,0,1,1,2,0,0,0,1,1,1,0,0,1,4,1,0,0,1
50,6,1,3,2,2,1,5,2,4,2,1,1,1,1,0,1,0,2,1,1,22,5,5,7,1,1,1,4,1,1,2,1,10,2,4,1,1,6,5,4,1,1,1,2,1,0,2,1,1,2,2,1,1,1,1,4,1,2,2,2,12,4,0,1,0,1,1,0,0,2,1,6,0,2,1,0,4,1,3,3,8,3,1,1,1,2,4,1,4,4,0,4,1,3,7,5,8,1,2,4,1,0,2,7,1,1,2,0,0,5,1,3,1,1,6,1,3,0,1,3,2,1,3,1,1,2,1,1,3,1,3,3,1,2,0,0,12,1,2,1,0
51,2,1,1,2,0,2,3,1,0,2,1,0,0,1,1,1,1,1,0,1,11,4,0,3,2,1,1,1,5,1,1,1,6,0,2,3,1,8,8,3,1,1,1,6,1,1,1,1,2,2,1,2,1,1,1,3,1,1,1,4,10,3,1,1,1,1,1,1,0,0,1,5,1,3,1,1,2,1,3,1,6,2,3,1,1,1,3,2,0,2,1,2,1,1,2,6,5,1,1,5,0,0,3,7,1,1,1,1,1,3,1,0,2,1,4,1,2,1,1,1,2,1,1,0,1,1,2,2,2,0,1,1,1,0,1,1,8,1,1,1,2
52,3,1,1,3,0,0,3,3,3,2,3,0,0,1,1,1,1,1,1,1,16,3,3,5,2,1,1,1,2,1,2,1,4,0,5,3,2,4,5,2,1,1,1,3,0,1,1,1,1,1,1,2,1,1,1,3,1,0,0,3,12,2,1,1,0,1,1,1,1,1,2,7,1,5,0,1,2,2,3,2,7,4,3,2,1,3,1,1,0,2,0,3,1,1,2,5,5,1,1,6,0,0,5,4,1,1,1,1,0,5,1,1,2,1,4,1,1,0,1,3,0,1,1,0,1,2,4,3,1,1,1,1,1,1,1,1,6,2,0,1,0
53,3,1,1,2,1,1,1,0,3,3,0,0,0,1,1,0,2,0,1,0,10,4,1,3,0,0,0,1,1,0,0,0,5,3,6,0,0,4,4,3,0,0,1,1,0,0,3,1,0,0,1,2,0,2,0,0,2,1,1,0,10,2,1,0,1,0,1,0,1,0,1,2,1,1,0,1,0,0,2,0,3,4,1,0,0,3,4,1,3,0,1,0,0,1,1,7,5,1,1,4,1,1,4,2,1,0,1,1,0,2,3,2,2,1,2,1,0,0,0,2,3,0,3,0,1,1,2,0,4,0,1,0,1,0,0,1,6,1,0,0,0
54,0,0,0,0,0,0,0,0,0,0,0,0,0,0,0,0,0,0,0,1,1,0,0,0,1,0,0,0,0,0,0,0,0,0,0,0,0,0,5,1,0,0,0,2,0,0,0,1,0,0,0,0,0,0,0,0,0,0,0,0,0,0,0,0,0,0,0,0,0,0,0,0,0,0,0,0,0,0,0,0,4,0,0,0,0,0,0,0,0,0,0,0,2,0,0,1,0,0,0,0,1,0,0,2,0,0,0,0,0,0,4,0,0,0,0,0,0,0,0,0,0,0,0,0,1,0,1,0,0,0,0,0,0,0,0,0,1,0,0,0,0
55,0,2,1,1,1,1,2,1,3,2,0,0,0,1,1,0,2,0,0,0,11,1,0,2,0,0,1,1,0,1,1,0,4,0,1,0,0,1,2,2,0,0,0,1,1,1,2,1,0,1,0,1,0,0,0,0,1,1,2,1,8,2,1,0,1,0,1,1,1,0,0,1,1,0,0,1,0,1,0,0,1,1,0,0,0,0,6,1,1,1,1,0,0,1,0,4,6,1,1,0,0,0,4,3,1,0,2,0,0,2,1,1,1,0,2,1,0,0,1,0,3,0,1,0,1,2,3,0,1,0,1,1,1,0,0,1,5,1,0,0,1
56,0,0,2,0,1,0,0,0,0,0,1,1,1,0,0,0,0,2,0,0,2,0,0,0,0,0,0,1,0,0,0,0,1,1,0,1,1,1,4,0,0,1,0,2,0,0,0,1,0,2,0,0,1,0,1,0,0,1,1,1,6,0,0,0,0,1,0,0,0,1,1,0,0,1,2,0,0,0,0,0,2,0,0,0,0,2,2,0,0,0,0,0,1,1,1,0,2,0,2,1,0,1,0,2,0,0,1,2,0,1,1,2,0,0,0,0,0,0,0,0,0,0,0,1,1,0,2,0,2,1,0,0,1,1,0,0,1,1,1,1,0
57,0,0,1,1,0,0,0,0,0,0,0,1,1,0,0,0,0,2,1,0,3,1,0,3,0,0,0,1,0,0,1,0,4,0,0,2,1,3,4,2,0,1,1,2,0,0,0,1,0,4,1,0,1,1,2,0,0,0,2,2,5,1,0,0,0,0,0,0,0,0,1,1,0,0,1,0,0,0,0,0,4,0,1,0,0,2,2,1,0,0,0,0,1,1,0,0,2,0,0,3,2,1,0,2,0,0,0,1,0,3,1,2,0,0,0,0,0,0,0,0,0,0,0,1,1,0,2,0,0,1,0,0,1,1,0,0,2,0,1,0,1
58,0,0,2,1,0,0,0,2,0,0,0,1,1,1,0,1,0,2,0,3,4,2,0,6,0,1,0,0,1,0,1,1,6,0,2,0,0,3,6,4,0,1,0,3,1,0,0,1,1,3,0,0,2,1,1,2,1,1,1,0,4,1,0,1,0,0,0,0,0,0,0,1,0,4,3,2,1,3,1,0,5,0,0,0,1,1,1,1,0,1,0,0,1,1,1,1,3,0,1,2,1,0,1,5,0,1,1,0,0,5,2,1,1,0,2,0,1,0,2,3,0,0,2,0,1,0,1,1,2,0,0,1,1,2,2,0,3,1,0,0,0
59,0,1,3,2,0,1,0,0,1,3,0,0,0,1,1,1,2,0,1,0,7,3,0,1,0,0,0,1,0,1,1,0,5,0,2,1,0,3,5,1,1,0,1,3,1,1,0,1,0,0,0,0,0,1,0,0,1,1,0,2,9,3,1,1,1,0,1,1,1,0,0,3,1,0,1,0,1,2,1,1,4,2,3,0,1,1,1,1,2,0,1,3,1,3,1,5,1,1,2,1,0,1,5,4,1,1,1,0,1,5,1,0,1,0,0,1,1,1,1,1,0,1,1,1,1,1,4,0,1,0,0,1,1,1,0,1,3,1,0,0,0
60,5,1,2,2,1,0,6,1,5,2,2,1,1,1,0,1,0,2,1,1,25,6,5,4,3,1,1,2,3,1,3,1,9,2,5,0,1,6,5,3,1,1,1,2,1,0,3,1,1,3,2,4,1,1,1,5,1,3,0,3,15,4,0,1,0,1,1,0,0,1,0,8,0,1,4,0,5,1,4,3,10,4,2,1,1,1,3,2,6,5,0,4,1,4,7,7,8,1,2,3,1,0,2,11,1,1,2,0,0,5,1,2,2,1,9,1,2,0,1,3,2,1,3,1,1,2,3,1,3,1,4,5,1,2,0,0,14,1,1,1,0
61,0,0,1,0,0,1,0,0,0,0,0,1,1,0,0,1,0,2,0,0,2,1,0,1,0,0,0,1,0,0,0,0,1,1,1,0,1,1,3,1,0,1,0,1,1,0,0,1,0,4,0,0,1,1,1,1,0,2,1,0,4,0,0,0,0,0,0,0,0,0,1,0,0,1,1,0,0,0,0,0,2,0,0,0,0,4,1,0,1,0,0,0,1,1,1,0,3,0,1,0,0,1,0,1,0,0,2,0,0,1,1,2,0,0,0,0,0,0,0,0,0,0,1,2,1,0,1,0,0,1,0,0,1,0,0,0,2,1,1,0,0
62,6,1,3,2,2,1,5,2,4,2,1,1,1,1,0,1,0,2,1,1,22,6,5,6,1,1,1,4,1,1,2,1,10,3,4,1,1,6,5,5,1,1,1,2,1,0,2,1,1,2,2,1,1,1,1,5,1,2,2,2,12,4,0,1,0,1,1,0,0,2,1,7,0,2,1,0,4,1,3,3,9,3,1,1,1,2,4,1,5,4,0,4,1,3,8,5,8,1,2,4,1,0,2,8,1,1,3,0,0,5,1,3,1,1,6,1,3,0,1,3,2,1,3,2,1,2,1,1,3,1,3,3,1,2,0,0,12,1,2,1,0
63,7,1,3,1,2,0,5,2,6,0,2,1,1,1,0,1,0,2,1,1,18,3,4,6,1,1,1,3,1,2,2,1,9,1,4,0,1,5,4,4,1,1,1,2,1,0,2,1,1,2,2,1,1,1,0,2,1,1,3,1,12,3,0,1,0,1,1,0,0,1,1,5,0,2,1,0,4,1,4,3,7,3,1,1,1,0,4,1,4,4,0,4,1,3,6,5,9,1,2,3,0,0,2,8,1,1,2,1,0,4,1,3,1,1,6,1,2,1,1,3,2,1,3,0,1,2,1,1,3,1,3,3,1,2,0,0,10,1,2,1,0
64,0,1,2,2,3,1,2,1,3,2,1,0,0,1,1,0,2,0,0,0,9,1,0,2,0,0,1,1,0,0,0,0,4,0,1,1,0,1,4,1,0,0,0,2,0,1,2,1,0,0,0,1,0,0,0,0,1,1,1,0,6,2,1,0,2,0,1,1,1,0,0,1,1,0,1,1,0,1,0,0,1,1,0,0,0,0,3,1,1,1,1,0,0,1,0,5,3,1,1,2,0,0,4,4,1,0,1,1,2,2,2,1,1,0,2,1,0,1,0,0,2,0,1,0,1,1,3,0,0,0,1,1,1,2,0,1,4,1,0,0,1
65,0,0,1,0,0,2,0,0,0,0,0,1,1,0,0,0,0,2,0,0,2,0,0,0,0,0,0,1,0,0,0,0,2,1,0,0,1,1,3,0,0,1,0,1,1,0,0,1,0,2,0,0,1,0,0,0,0,1,0,0,4,1,0,0,0,0,0,0,0,0,1,0,0,1,2,0,0,0,0,0,1,0,0,0,0,3,1,0,0,0,0,0,1,1,1,1,3,0,2,0,0,1,0,1,0,0,0,0,0,2,1,1,0,1,0,0,0,0,0,0,0,0,0,1,1,0,1,0,1,1,0,0,1,1,0,0,2,1,1,0,1
66,5,1,3,1,2,0,6,2,5,0,1,1,1,1,0,1,0,2,0,1,15,4,4,7,1,1,1,2,1,2,2,1,6,0,5,1,1,4,5,4,1,1,1,3,0,0,2,1,0,2,2,2,1,1,0,4,1,1,0,1,9,3,0,1,0,1,1,0,1,0,1,3,0,0,2,0,4,2,3,2,6,3,1,1,1,1,3,1,4,5,0,2,1,2,4,5,7,1,2,4,0,0,3,7,1,1,1,1,0,5,1,1,2,1,9,1,2,1,1,3,2,1,3,1,1,2,1,1,2,0,5,2,1,2,0,0,12,2,2,1,0
67,0,1,1,2,0,1,0,0,0,2,0,0,0,1,1,1,0,2,0,0,6,4,1,1,0,0,0,1,0,1,0,0,4,0,2,1,0,5,5,1,1,1,1,3,1,1,0,1,1,0,0,0,0,1,0,0,1,0,1,3,8,2,1,1,1,0,1,1,1,0,0,4,1,0,0,0,1,1,0,1,5,2,1,1,1,0,1,0,2,0,1,3,1,1,0,3,1,1,1,1,0,1,4,5,1,1,1,0,1,1,1,1,0,0,0,1,1,1,1,1,0,1,0,1,1,1,3,1,1,0,0,1,1,0,0,1,3,1,0,0,0
68,3,1,1,2,0,0,3,3,3,2,2,0,0,1,1,1,1,1,1,1,18,4,4,5,2,1,1,2,4,1,2,1,4,0,5,3,1,4,6,2,1,2,1,4,0,1,1,1,1,2,1,2,1,2,0,3,1,0,2,4,12,2,1,1,0,1,1,1,1,2,2,8,1,5,0,1,2,2,3,2,8,4,3,2,1,3,1,1,0,2,0,3,1,1,1,5,5,1,1,5,0,0,7,5,1,1,1,1,0,6,1,1,1,1,4,1,1,0,1,2,0,1,1,0,1,2,6,3,2,1,1,1,1,1,1,1,6,2,0,1,2
69,1,0,2,0,0,1,3,3,1,0,0,1,1,1,0,1,0,2,0,0,11,2,4,3,1,1,1,2,1,0,0,1,6,1,1,0,1,3,5,1,1,1,1,3,0,0,0,1,1,3,1,4,1,1,0,1,0,0,0,1,5,1,0,1,0,1,0,0,1,1,1,1,0,5,2,0,1,3,2,4,3,1,0,1,1,1,2,0,1,2,0,0,1,2,0,1,2,0,0,2,1,0,1,6,0,1,1,0,0,3,1,1,1,1,5,1,1,1,1,2,1,1,1,0,1,0,1,0,2,1,1,2,1,1,2,0,3,2,0,1,0
70,3,1,1,2,1,1,1,0,3,3,0,0,0,1,1,0,2,0,0,0,10,4,1,4,0,0,0,1,1,0,0,0,5,3,6,0,0,4,4,3,0,0,1,1,0,0,3,1,0,0,1,2,0,2,0,0,1,1,1,0,10,2,1,0,1,0,1,0,1,0,1,2,1,2,0,1,1,0,2,0,3,4,1,1,0,2,4,1,2,1,1,0,0,2,0,7,5,1,1,4,1,1,4,2,1,0,0,1,0,3,3,2,2,0,2,1,0,0,0,2,3,0,3,0,1,1,2,1,4,0,1,0,1,0,0,1,7,1,1,0,0
71,2,1,2,2,1,2,3,1,0,2,1,0,0,1,1,1,1,1,0,1,11,5,0,3,2,1,1,1,3,1,1,1,6,0,2,3,1,8,9,3,1,1,1,7,1,1,1,1,2,2,1,2,1,2,1,3,2,2,1,5,10,3,1,1,1,1,1,1,0,0,1,6,1,3,1,1,2,2,3,1,7,2,3,1,1,2,3,2,0,2,1,2,1,1,1,6,5,1,1,5,0,0,5,8,1,1,2,1,1,5,1,0,2,1,4,1,2,1,1,1,2,1,1,0,1,1,3,2,2,0,1,0,1,1,1,1,8,1,1,1,0
72,3,1,1,2,1,1,1,0,3,3,0,0,0,1,1,0,2,0,1,0,10,4,1,4,0,0,0,1,0,0,0,0,5,3,6,0,0,4,4,3,0,0,1,1,0,0,3,1,0,0,1,1,0,2,0,0,2,1,1,1,10,2,1,0,1,0,1,0,1,0,1,2,1,1,0,1,0,0,2,0,3,4,1,0,0,3,4,1,2,0,1,0,0,1,1,8,5,1,1,2,1,1,4,2,1,0,1,1,0,3,3,2,3,1,2,1,0,0,0,2,3,0,3,0,1,1,2,0,4,0,1,0,1,0,0,1,6,1,0,0,0
73,0,0,1,0,0,1,0,2,0,0,0,1,1,1,0,1,0,2,2,1,13,0,4,5,0,1,0,1,1,0,1,1,4,0,2,2,0,2,4,1,0,1,2,2,0,0,0,1,1,0,1,2,1,1,3,0,1,0,1,2,7,1,0,2,0,1,0,0,0,1,1,1,0,4,2,0,2,2,1,3,2,2,0,1,1,1,1,1,2,0,0,0,1,2,3,0,2,0,0,5,1,0,1,5,0,1,4,2,0,2,1,0,0,1,3,1,1,1,2,1,0,1,0,0,1,0,1,0,1,1,1,2,1,1,1,0,7,1,0,1,1
74,0,0,1,1,0,0,0,0,0,0,0,1,1,0,0,0,0,2,1,0,4,1,0,1,0,0,0,1,0,0,1,0,4,0,0,2,1,2,4,2,0,1,1,2,0,0,0,1,0,4,1,0,1,0,1,0,0,0,2,1,4,0,0,0,0,0,0,0,0,0,1,1,0,0,1,0,0,0,0,0,4,0,1,0,0,2,2,1,0,0,0,0,1,1,0,0,2,0,0,3,2,1,0,2,0,0,0,1,0,3,1,2,0,0,0,0,0,0,1,0,0,0,0,1,1,0,2,0,1,1,0,0,1,1,0,0,2,0,2,0,1
75,2,1,2,2,0,2,3,1,0,2,2,0,0,1,1,1,1,1,0,1,12,5,0,4,1,1,1,2,2,1,1,1,7,0,2,2,1,8,10,3,1,1,1,8,1,1,1,1,2,1,1,2,0,1,1,1,1,1,3,3,10,3,1,1,1,1,1,1,0,1,1,5,1,3,1,1,2,1,3,1,6,2,3,1,1,2,3,2,1,2,1,3,1,2,2,6,5,1,1,4,0,0,4,9,1,1,2,1,1,4,1,1,1,0,4,1,2,1,1,1,2,1,1,0,1,1,3,1,3,0,1,1,1,1,1,1,8,1,2,1,0
76,3,1,1,3,1,0,3,3,3,2,3,0,0,1,1,1,1,1,1,1,16,3,3,6,2,1,1,1,3,1,2,1,4,0,5,2,2,4,5,2,1,1,1,3,0,1,1,1,1,1,1,2,1,1,1,4,1,0,0,4,12,2,1,1,0,1,1,1,1,1,2,8,1,5,0,1,2,2,3,2,8,4,3,2,1,3,1,1,1,2,0,3,1,1,1,5,5,1,1,5,0,0,5,3,1,1,2,1,0,4,1,1,2,1,4,1,2,0,1,2,0,1,1,0,1,2,4,3,1,1,1,1,1,1,1,1,6,2,1,1,0
77,0,0,2,2,0,0,2,5,0,0,0,1,1,2,0,1,0,2,1,1,7,4,1,6,0,1,1,0,0,0,0,1,7,0,0,0,1,4,10,5,1,1,0,4,0,0,0,2,2,4,0,0,3,1,0,3,2,1,0,0,4,1,0,1,0,1,0,0,0,0,0,2,0,2,3,0,1,2,1,0,12,0,0,0,1,1,2,0,1,2,0,0,1,1,2,1,2,0,1,1,1,0,1,4,0,1,1,0,0,5,5,0,0,1,5,0,1,0,1,3,0,0,3,0,1,0,1,3,3,0,0,0,1,1,1,0,8,1,0,1,2
78,1,1,1,2,0,2,0,0,0,2,0,0,0,1,1,1,0,2,0,1,8,6,0,2,0,0,0,1,0,1,2,1,6,0,2,1,1,9,7,1,1,1,1,5,1,1,1,1,2,1,0,0,0,1,1,0,1,1,1,2,11,3,1,1,1,0,1,1,1,0,0,5,1,1,1,1,1,2,1,1,6,2,3,2,1,3,3,1,3,0,1,2,1,2,2,5,3,1,1,1,0,1,3,7,1,1,2,0,2,4,1,1,2,0,0,1,1,1,1,1,2,1,1,1,1,1,2,2,2,0,0,1,1,0,1,1,8,1,0,0,0
79,0,1,3,2,0,1,0,0,1,2,0,0,0,1,1,1,2,0,1,0,7,3,0,1,0,0,0,1,0,1,1,0,5,0,2,1,0,3,6,1,1,0,1,4,2,1,0,1,0,0,0,0,0,1,0,0,1,1,0,2,10,3,1,1,1,0,1,1,1,0,0,4,1,0,1,0,1,2,1,1,5,2,3,0,1,1,1,1,2,0,1,3,1,3,1,7,1,1,2,1,0,1,6,6,1,1,1,0,1,4,1,0,1,0,0,1,1,1,1,1,0,1,1,2,1,1,5,0,1,0,0,1,1,1,0,1,4,1,0,0,0
80,5,1,2,3,0,0,6,2,5,4,3,0,0,1,1,1,1,1,1,1,26,7,4,6,7,1,1,2,0,1,2,1,8,2,7,0,2,5,6,4,1,1,1,4,0,0,3,1,0,1,2,4,1,1,2,6,1,2,0,4,14,4,0,1,0,1,1,0,0,3,1,12,1,3,4,1,5,0,5,3,13,5,2,0,1,3,3,1,5,5,0,4,1,5,6,5,7,1,2,4,1,0,5,7,1,1,0,1,0,6,1,1,4,1,9,1,3,0,1,4,1,1,4,0,1,2,4,0,5,1,4,1,1,2,2,1,13,1,1,1,0
81,0,0,2,0,0,0,0,0,0,0,0,0,0,1,0,0,0,0,0,1,1,1,0,1,0,0,0,0,0,0,0,0,0,0,0,0,0,0,4,1,1,0,0,3,0,0,0,1,0,0,1,0,0,0,0,1,0,0,0,0,0,1,0,0,0,0,0,0,0,0,0,0,0,0,0,0,0,0,0,0,6,0,1,0,0,0,0,0,0,0,0,0,1,0,0,0,0,0,1,0,0,0,0,1,0,0,0,0,1,0,3,0,0,0,0,0,0,0,0,0,0,0,1,0,1,0,0,0,0,0,0,0,0,0,0,0,5,0,0,0,0
82,0,0,1,0,1,1,2,3,0,0,0,1,1,1,0,1,0,2,0,0,8,2,0,7,2,1,1,0,0,0,1,1,6,1,3,0,0,3,8,2,0,1,0,3,0,0,0,1,2,1,1,3,2,1,1,0,1,1,1,1,5,1,0,1,1,0,0,0,0,1,2,0,0,6,3,1,3,3,1,0,2,0,1,0,1,0,1,1,1,1,1,1,2,1,2,1,5,0,1,3,1,0,1,4,0,1,2,0,0,3,4,0,0,0,5,0,1,1,2,3,0,0,2,0,1,0,1,1,1,0,2,1,1,2,2,0,7,1,0,0,2
83,0,0,2,3,0,1,6,3,0,0,2,1,1,0,0,1,0,2,1,0,6,4,1,6,0,1,4,0,0,0,0,1,6,0,1,0,1,3,7,3,1,1,0,2,0,0,0,1,2,2,0,0,3,1,0,1,1,1,1,0,4,1,0,1,0,1,0,1,0,0,0,0,0,2,3,0,1,2,1,0,8,1,0,0,1,0,2,1,1,2,0,0,1,1,2,1,2,0,1,2,2,0,2,3,0,1,2,1,0,3,4,0,0,1,3,0,1,1,1,2,0,0,2,0,1,0,1,0,2,0,0,0,1,0,1,1,9,1,0,0,2
84,1,0,1,0,2,1,0,2,0,0,0,1,1,1,0,1,0,2,0,0,10,1,4,6,1,1,0,1,0,0,1,1,4,1,5,0,1,3,5,2,0,1,2,2,1,0,0,1,2,1,2,2,2,1,0,0,1,2,3,0,8,2,0,1,0,1,0,0,0,1,0,0,0,6,1,1,2,3,2,3,1,2,2,0,1,0,2,1,1,0,0,1,1,1,4,1,4,0,0,3,1,0,1,4,0,1,1,0,1,3,2,2,1,0,5,1,1,1,2,3,0,1,1,0,1,0,1,0,3,1,1,2,1,2,1,0,6,1,1,1,2
85,0,0,2,1,0,0,2,2,0,0,0,1,1,1,0,1,0,2,0,2,4,3,0,6,0,1,1,0,1,0,1,1,6,0,2,0,1,3,7,5,0,1,0,3,0,0,0,1,1,2,0,0,3,1,1,2,1,1,1,0,4,1,0,1,0,0,0,0,0,0,0,1,0,4,3,1,1,3,1,0,7,0,0,0,1,2,1,1,1,2,0,0,1,1,1,1,3,0,1,2,1,0,1,5,0,1,0,0,0,5,3,1,0,0,3,0,1,0,2,4,0,0,3,0,1,0,1,1,2,0,0,1,1,2,2,0,4,1,0,0,2
86,7,1,3,1,2,0,5,2,6,0,2,1,1,1,0,1,0,2,1,1,18,3,4,7,1,1,1,3,1,2,2,1,9,0,4,1,1,6,4,4,1,1,1,2,1,0,2,1,1,2,2,1,1,1,0,2,1,1,3,1,11,3,0,1,0,1,1,0,0,1,1,4,0,2,2,0,4,1,4,3,6,3,1,1,1,2,4,1,4,4,0,3,1,3,6,5,9,1,2,4,0,0,2,7,1,1,1,1,0,4,1,2,2,1,6,1,1,1,1,3,2,1,3,0,1,2,1,1,3,0,3,3,1,2,0,0,10,1,1,1,0
87,0,0,2,1,1,0,2,4,0,0,0,1,1,1,0,1,0,2,0,1,5,5,0,5,0,1,1,0,0,0,0,1,7,0,1,0,1,3,10,5,0,1,0,5,0,0,0,1,2,3,0,0,2,1,0,2,1,1,0,0,4,1,0,1,0,0,0,0,0,0,0,2,0,3,3,1,1,3,1,0,10,0,0,0,1,2,1,0,0,2,0,0,1,1,2,1,2,0,1,1,1,0,1,5,0,1,0,0,0,4,6,0,0,0,5,0,1,0,2,2,0,0,3,0,1,0,1,3,2,0,0,0,1,2,2,0,7,1,0,0,2
88,0,0,3,1,0,0,0,0,0,0,1,0,0,4,0,0,0,2,0,0,3,0,0,0,0,0,0,1,0,0,0,0,4,0,0,1,0,1,4,0,0,1,1,1,0,0,0,2,0,1,0,0,0,0,0,0,0,0,2,0,3,0,0,0,0,1,0,0,0,1,1,0,0,0,0,0,1,1,0,0,1,0,0,0,0,0,1,0,1,0,0,1,1,0,0,2,2,0,1,2,0,0,0,2,0,0,2,0,2,1,2,1,0,0,0,0,0,0,0,1,0,0,0,1,1,1,1,0,0,1,0,0,1,1,0,0,1,0,0,1,0
89,0,1,1,2,0,2,0,0,1,2,0,0,0,1,1,1,0,2,1,0,7,3,0,3,0,0,0,1,0,2,1,0,4,0,2,1,0,3,5,2,1,1,1,3,2,1,1,1,0,1,0,0,0,1,0,0,1,0,0,2,9,2,1,1,1,0,1,1,1,0,0,3,1,0,1,0,1,1,1,1,4,2,3,0,1,1,1,0,3,0,1,3,1,0,1,4,1,1,2,1,0,1,4,5,1,1,2,0,1,2,1,0,0,0,0,1,1,1,1,1,0,1,2,1,1,1,3,0,1,0,0,1,1,0,0,1,3,1,1,0,2
90,0,1,1,2,3,1,2,1,4,2,2,0,0,0,1,1,2,0,0,0,8,1,0,1,0,0,1,2,1,0,0,0,4,1,1,1,0,2,4,1,1,0,0,1,0,1,2,1,0,0,0,1,0,1,0,0,1,1,1,0,7,2,1,1,2,0,1,1,1,0,0,2,1,0,2,1,0,0,0,0,2,1,0,0,0,0,4,1,1,1,1,1,0,1,0,3,4,1,2,2,0,0,3,3,1,0,1,1,2,3,3,1,1,0,2,1,0,2,1,0,3,0,1,0,1,1,2,0,0,0,1,1,1,1,0,1,3,1,0,0,1
91,2,1,2,2,0,2,3,1,0,2,2,0,0,1,1,1,1,1,0,1,11,4,0,2,2,1,1,1,3,1,1,1,7,0,2,3,2,8,9,3,1,1,1,7,1,1,1,1,2,1,1,2,0,1,1,1,1,1,2,5,10,3,1,1,1,1,1,1,0,0,1,7,1,3,1,1,2,2,3,1,7,2,3,1,1,2,3,2,1,2,1,2,1,2,1,6,5,1,1,5,0,0,4,8,1,1,2,1,1,4,1,1,2,0,4,1,1,1,1,1,2,1,1,0,1,1,3,2,2,0,1,0,1,1,1,1,8,1,0,1,0
92,0,1,1,2,0,1,0,0,2,3,0,0,0,1,1,1,2,0,1,0,7,3,0,1,1,0,0,1,0,1,1,0,4,0,2,1,0,3,5,1,1,0,1,3,1,1,0,1,0,0,0,0,0,1,0,0,2,1,0,2,9,3,1,1,1,0,1,1,1,1,0,3,1,0,0,0,1,2,1,1,4,2,3,0,1,1,2,1,1,0,1,3,1,1,1,4,2,1,2,1,0,1,4,4,1,1,1,0,1,4,1,0,1,0,0,1,1,1,1,1,1,1,1,1,1,1,3,0,1,0,0,1,1,0,0,1,3,1,0,0,0
93,0,2,1,3,3,1,2,0,3,3,0,0,0,1,0,1,2,0,0,0,11,2,0,3,0,0,1,1,0,1,1,0,5,0,1,0,1,1,2,2,0,0,0,1,0,1,2,1,0,0,0,2,0,1,0,0,1,1,0,1,9,3,1,0,1,0,1,1,1,0,0,1,0,0,1,1,0,1,1,0,1,1,0,0,0,0,6,1,1,1,1,0,0,1,1,4,7,1,1,0,0,0,3,3,1,0,2,0,0,4,1,1,1,0,2,1,0,0,0,0,2,0,1,0,2,2,2,0,1,0,1,1,1,0,0,1,4,1,0,0,1
94,2,0,2,0,2,1,3,3,2,1,0,1,1,1,0,1,0,2,2,1,14,3,4,5,2,1,1,2,2,0,0,1,6,0,2,2,1,3,5,2,0,1,1,2,0,0,0,1,1,1,3,4,1,1,2,0,1,1,2,2,7,2,0,2,0,1,0,0,0,1,1,1,0,4,1,0,2,2,1,4,4,1,0,1,1,1,1,0,1,2,0,0,1,3,2,1,5,0,1,4,1,0,2,6,0,1,2,0,0,6,2,1,0,1,7,1,2,1,1,2,0,1,3,0,1,0,1,0,2,1,3,2,1,2,1,0,7,1,4,1,2
95,2,1,1,1,1,2,3,1,0,3,2,0,0,1,1,1,1,1,0,1,11,5,0,2,2,1,1,1,5,1,2,1,7,0,2,3,1,8,8,3,1,1,1,6,1,1,1,1,2,1,1,2,1,1,2,3,2,1,2,3,10,3,1,2,1,1,1,1,0,0,1,8,1,3,1,1,2,1,3,1,8,2,3,1,1,2,3,2,1,2,1,2,1,2,1,6,5,1,1,5,0,0,4,7,1,1,3,1,1,3,1,1,2,1,4,1,1,1,1,1,2,1,1,0,1,1,2,2,2,0,1,0,1,0,1,1,8,1,1,1,2
96,0,0,3,2,0,0,0,0,0,0,0,1,1,3,0,1,0,2,1,0,3,1,0,2,0,0,0,1,0,0,2,0,5,0,0,2,0,2,5,2,0,1,1,2,0,0,0,2,0,3,1,0,1,1,0,1,0,0,1,2,5,1,0,0,0,0,0,0,0,0,0,1,0,0,1,0,0,0,0,0,4,0,1,0,0,2,2,2,1,0,0,0,1,1,0,2,2,0,1,3,2,1,0,3,1,0,2,1,1,3,2,1,0,0,0,0,0,0,1,1,0,0,0,1,1,1,2,0,1,1,0,0,1,2,0,0,3,0,0,0,1
97,3,1,1,1,1,1,1,0,3,3,0,0,0,1,1,0,2,0,1,0,10,4,1,3,0,0,0,1,0,0,0,0,3,4,5,0,0,4,4,3,0,0,1,1,0,0,3,1,0,0,1,1,0,2,0,1,1,1,1,1,9,2,1,0,1,0,1,0,1,0,1,2,1,1,1,1,0,0,2,0,3,4,1,0,0,2,4,1,2,0,1,0,0,2,0,7,6,1,1,2,1,1,4,2,1,0,0,2,0,3,3,2,2,1,2,1,0,0,0,2,3,0,4,0,1,1,2,0,4,0,1,0,1,0,0,1,7,1,0,0,1
98,0,1,1,2,1,2,1,0,1,2,0,0,0,1,1,1,2,0,0,1,5,4,0,2,1,0,0,1,1,1,3,0,6,5,5,0,0,3,4,3,0,0,1,1,1,0,0,1,0,0,0,2,0,2,0,1,2,1,1,1,6,3,1,0,1,0,1,0,1,0,0,1,1,1,0,0,0,0,2,0,3,3,2,1,0,0,3,2,3,1,1,2,1,2,1,2,4,1,2,4,1,1,4,1,1,0,3,1,2,1,3,1,0,0,2,0,0,1,0,2,1,0,4,1,1,1,2,3,2,0,1,0,1,0,0,1,9,1,1,0,0
99,3,1,1,1,1,1,1,0,3,3,0,0,0,1,1,0,2,0,1,0,10,4,1,3,0,0,0,1,0,0,0,0,4,4,5,0,0,4,4,3,0,0,1,1,0,0,3,1,0,0,1,1,0,2,0,1,2,1,1,1,9,2,1,0,1,0,1,0,1,0,1,2,1,1,0,1,0,0,2,0,3,4,1,0,0,2,4,1,2,0,1,0,0,2,0,7,6,1,1,2,1,1,4,2,1,0,0,2,0,3,3,2,2,1,2,1,0,0,0,2,3,0,4,0,1,1,2,0,4,0,1,0,1,0,0,1,6,1,0,0,1
100,7,1,3,1,2,0,5,2,6,0,2,1,1,1,0,1,0,2,1,1,19,3,4,6,1,1,1,3,1,2,2,1,8,1,4,0,1,6,4,4,1,1,1,2,1,0,3,1,1,2,2,1,1,1,0,2,1,1,3,1,13,3,0,1,0,1,1,0,0,1,1,5,0,2,2,0,4,2,4,3,7,3,1,1,1,2,4,1,4,4,0,3,1,3,6,5,9,1,2,3,0,0,2,7,2,1,2,1,0,4,1,2,2,1,6,1,2,1,1,3,2,1,3,0,1,2,1,1,3,0,3,3,1,2,0,0,10,1,1,1,2
101,3,1,2,3,0,0,4,4,3,3,3,0,0,1,1,1,1,1,1,0,22,4,3,6,8,1,1,2,1,1,1,1,4,1,7,1,2,7,7,2,1,1,1,5,0,1,2,1,1,0,1,2,1,1,1,2,1,1,2,4,17,3,0,1,0,1,1,1,0,3,3,7,1,5,4,1,4,0,4,2,7,5,4,0,1,3,1,0,2,3,0,3,1,4,2,7,5,1,1,4,0,0,8,6,1,1,1,0,0,4,1,1,4,1,6,1,3,0,1,3,0,1,2,0,1,2,7,1,2,1,2,1,1,2,1,1,6,1,1,1,2
102,0,1,1,2,1,2,1,0,1,2,0,0,0,1,1,1,2,0,0,1,5,4,0,2,1,0,0,1,1,1,3,0,6,4,4,0,0,3,4,3,0,0,1,1,1,0,0,1,0,0,0,2,0,2,0,1,2,1,1,1,6,3,1,0,1,0,1,1,1,0,0,1,1,0,0,0,0,0,2,0,3,3,3,1,0,0,3,2,1,1,1,2,1,2,1,2,4,1,2,4,1,1,4,1,1,0,1,1,2,0,3,1,0,0,2,0,0,1,0,2,1,0,4,1,1,1,2,3,2,0,1,0,1,0,0,1,8,1,0,0,0
103,4,1,2,3,0,0,6,2,4,4,3,0,0,1,0,1,1,1,1,1,29,8,4,6,5,1,1,2,0,1,3,1,8,2,7,0,1,5,5,3,1,1,2,3,1,0,2,1,1,2,2,4,1,1,2,6,1,2,0,4,16,4,0,1,0,1,1,0,0,2,1,9,0,2,3,1,5,0,4,3,11,5,3,1,1,1,2,2,6,5,0,5,1,4,6,7,9,1,2,3,1,0,3,7,1,1,1,1,0,6,1,2,3,1,9,1,2,0,1,3,1,1,5,0,1,2,4,1,3,1,4,2,1,2,1,1,13,1,0,1,0
104,0,1,2,2,0,1,0,0,1,2,0,0,0,1,1,1,2,0,1,1,7,3,0,1,0,0,0,1,1,1,0,0,4,0,2,1,0,3,5,1,1,0,1,3,1,1,1,1,0,1,0,0,0,1,0,0,1,1,1,3,10,3,1,1,1,0,1,1,1,0,0,4,1,0,1,0,1,1,1,1,5,2,3,0,1,1,1,1,2,0,1,3,1,2,0,5,1,1,2,1,0,1,4,5,1,1,1,0,1,2,1,0,1,0,0,1,1,1,1,1,0,1,1,2,1,1,3,0,1,0,0,1,1,1,0,1,4,1,1,0,0
105,0,0,3,0,1,0,0,0,0,0,0,1,1,3,0,0,0,2,0,0,3,0,0,0,0,0,0,1,0,0,0,0,3,0,0,2,0,1,4,0,0,1,0,1,0,1,0,2,1,3,1,0,1,0,1,0,0,1,2,1,6,1,0,0,0,1,0,0,0,1,0,1,0,1,0,0,0,0,0,0,2,0,0,0,0,2,1,0,1,0,0,0,1,1,1,1,1,0,1,1,0,1,0,3,0,0,1,1,1,2,2,2,0,0,0,0,0,0,0,0,0,0,1,1,1,1,1,0,2,1,0,0,1,0,0,0,2,0,1,0,0
106,0,0,2,0,1,0,2,3,0,0,2,1,1,1,0,2,0,2,1,0,8,3,0,2,0,1,1,2,1,0,0,1,7,1,1,0,1,1,8,3,1,1,1,2,0,0,0,1,1,1,1,0,2,1,0,1,1,0,3,1,2,1,0,0,0,1,0,1,0,0,0,0,0,1,2,1,1,1,1,0,4,0,0,0,1,0,2,1,0,1,0,0,1,1,0,1,2,0,0,2,1,0,2,3,0,1,0,0,0,1,4,1,0,0,4,0,1,2,0,2,0,0,1,1,1,0,1,1,1,1,1,0,1,0,1,0,5,1,2,0,2
107,0,0,4,3,1,0,0,0,0,0,0,1,1,3,0,2,0,2,1,0,3,1,1,0,0,0,0,1,2,0,1,0,6,1,0,1,0,1,4,3,0,1,0,1,0,0,0,2,0,3,1,0,0,1,0,1,1,0,0,0,1,0,0,0,0,0,0,0,0,0,0,0,0,1,1,0,0,0,0,0,2,0,1,0,0,2,1,1,1,0,0,0,1,0,1,1,2,0,0,3,2,1,0,4,0,0,1,0,1,1,2,1,0,0,0,0,0,0,2,0,0,0,0,1,2,1,1,0,1,1,0,0,1,0,0,0,2,0,0,0,2
108,2,1,2,2,0,2,3,1,0,2,2,0,0,1,1,1,1,1,0,1,12,5,0,4,1,1,1,2,3,1,1,1,7,0,2,3,1,8,10,3,1,1,1,8,1,1,1,1,2,1,1,2,0,1,1,1,1,1,2,3,10,3,1,1,1,1,1,1,0,1,1,5,1,3,1,1,2,2,3,1,6,2,3,1,1,1,3,2,1,2,1,3,1,2,2,6,5,1,1,5,0,0,4,9,1,1,2,1,1,5,1,1,2,0,4,1,1,1,1,1,2,1,1,0,1,1,3,2,3,0,1,1,1,1,1,1,8,1,1,1,0
109,0,0,5,0,0,0,0,0,0,1,0,1,1,3,0,1,0,2,1,0,3,1,0,2,0,0,0,1,0,0,3,0,4,0,0,1,0,0,5,3,0,1,1,2,0,0,0,2,0,3,1,0,1,0,0,1,1,0,2,0,3,1,0,0,0,0,0,0,0,1,0,0,0,0,0,0,0,0,0,0,3,0,0,0,0,1,1,1,0,0,0,0,1,1,0,0,2,0,1,2,1,1,0,3,1,0,1,1,1,1,2,1,0,0,0,0,0,0,1,1,0,0,0,1,1,1,2,0,1,1,0,0,1,1,0,0,3,1,1,0,2
110,0,0,1,0,1,0,0,0,0,0,0,1,1,1,0,0,0,2,0,0,2,0,0,0,0,0,0,1,0,0,0,0,2,1,0,0,1,0,3,0,0,1,0,1,0,0,0,1,0,2,0,0,1,0,1,1,0,1,0,1,5,1,0,0,0,0,0,0,0,1,1,0,0,1,2,0,0,0,0,0,2,0,0,0,0,2,1,0,1,0,0,0,1,1,1,1,1,0,2,0,0,1,0,1,1,0,2,0,0,1,1,2,0,0,0,0,0,0,0,1,0,0,0,1,1,0,1,0,2,1,0,0,1,1,0,0,1,1,0,0,2
111,0,1,1,2,0,2,0,0,1,2,1,0,0,1,1,1,2,0,1,0,7,3,0,1,0,0,0,1,1,2,1,0,4,0,2,1,0,3,5,2,1,1,1,3,2,1,1,1,0,1,0,0,0,1,0,0,1,0,0,2,9,2,1,1,1,0,1,1,1,0,0,3,1,0,1,0,1,2,1,1,4,2,3,0,1,0,1,0,3,0,1,3,1,0,0,4,1,1,2,1,0,1,4,5,1,1,2,0,1,3,1,0,1,0,0,1,1,1,1,1,0,1,2,1,1,1,3,0,1,0,0,1,1,0,0,1,3,1,0,0,0
112,0,0,4,0,1,0,2,0,1,0,0,0,0,0,0,0,0,0,0,1,1,0,0,2,1,0,1,0,0,0,0,0,0,0,0,0,0,0,10,1,0,1,1,1,0,0,0,1,0,0,0,0,0,0,0,0,1,0,3,0,0,1,0,0,0,0,0,0,0,0,0,0,0,0,0,0,0,0,0,0,5,0,2,0,0,0,0,0,0,0,0,0,1,0,0,0,0,0,3,0,1,0,0,0,0,0,1,0,1,0,7,0,0,0,9,0,1,1,0,0,0,0,0,0,1,1,0,6,0,3,2,0,0,0,0,0,8,0,0,0,0
113,1,0,2,0,1,1,3,3,1,1,0,1,1,1,0,1,0,2,2,1,12,1,4,6,1,1,1,2,2,0,0,1,7,0,2,2,1,3,4,1,0,1,1,2,0,0,0,1,1,3,1,4,1,1,1,0,1,1,2,2,7,2,0,2,0,1,0,0,0,1,1,1,0,4,1,0,1,2,1,4,3,1,0,1,1,2,1,0,1,2,0,0,1,3,2,1,3,0,0,4,1,0,1,5,0,1,2,1,0,3,1,1,0,1,5,1,2,1,1,2,0,1,2,0,1,0,1,0,2,1,1,2,1,2,1,0,5,1,2,1,0
114,0,2,3,2,0,1,0,0,1,2,0,0,0,1,1,1,2,0,1,0,8,3,0,1,0,0,0,1,0,1,1,0,5,0,2,1,0,3,6,1,1,0,1,4,2,1,0,1,0,2,0,1,0,1,0,0,1,1,0,2,10,3,1,1,1,0,1,1,1,0,0,4,1,0,1,0,1,2,1,1,6,2,3,0,1,1,1,1,3,0,1,3,2,3,0,5,1,1,2,1,0,1,5,6,1,1,1,0,1,4,1,0,1,0,1,1,1,1,1,1,0,1,1,2,2,1,4,0,1,0,0,1,1,1,0,1,5,1,1,0,0
115,0,0,2,0,1,0,0,0,0,0,0,1,1,0,0,0,0,2,0,0,2,0,0,0,0,0,0,1,0,0,0,0,2,0,0,2,0,1,4,0,0,1,0,2,0,0,0,1,1,2,0,0,1,0,1,0,0,1,2,0,6,0,0,0,0,1,0,0,0,1,1,0,0,1,1,0,0,0,0,0,2,0,0,0,0,2,2,0,1,0,0,0,1,1,1,1,2,0,2,1,0,1,0,3,0,0,1,2,0,1,1,2,0,0,0,0,0,0,0,0,0,0,0,1,1,0,2,0,2,1,0,0,1,1,0,0,1,0,1,1,0
116,0,1,1,2,0,2,0,0,1,2,1,0,0,1,1,1,0,2,1,0,7,3,0,1,0,0,0,1,1,2,1,0,4,0,3,2,0,3,5,2,1,1,1,3,2,1,1,1,0,2,0,0,0,1,0,0,1,0,0,3,9,2,1,1,1,0,1,1,1,0,0,3,1,0,1,0,1,2,1,1,4,2,3,0,1,0,1,0,3,0,1,3,1,0,0,4,1,1,2,2,0,1,4,5,1,1,3,0,1,4,1,0,0,0,0,1,1,1,1,1,0,1,2,1,1,1,3,0,1,0,0,1,1,0,0,1,3,1,0,0,2
117,6,1,3,1,2,0,5,2,5,0,1,1,1,1,0,1,0,2,1,1,15,2,4,7,1,1,1,2,1,2,2,1,7,0,5,1,1,6,4,5,1,1,1,2,1,0,2,1,1,2,2,1,1,1,0,3,1,1,2,1,10,3,0,1,0,1,1,0,0,1,1,2,0,2,2,0,3,1,3,2,5,3,1,1,1,2,4,1,4,4,0,2,1,2,5,5,7,1,2,4,0,0,2,7,1,1,1,1,0,4,1,2,2,1,6,1,1,1,1,3,2,1,3,0,1,2,1,1,3,0,3,3,1,2,0,0,11,1,1,1,0
118,4,1,3,1,3,0,5,2,4,0,0,1,1,1,0,1,0,2,0,1,11,1,2,6,1,1,1,1,0,1,1,1,6,0,4,1,1,2,5,3,1,1,1,3,0,0,0,1,0,3,2,3,1,1,0,4,0,1,1,0,4,2,0,1,0,1,1,0,1,0,1,2,0,2,4,0,3,2,1,2,5,2,0,1,1,1,3,1,1,4,0,1,1,1,3,2,6,1,1,3,0,0,1,6,0,1,2,1,0,5,1,1,1,1,4,1,1,1,1,1,2,1,3,1,1,1,1,1,3,1,1,1,1,1,2,0,8,2,2,1,1
119,0,1,7,4,1,2,5,0,1,2,0,0,0,1,1,5,2,0,0,1,10,5,0,2,0,0,1,1,1,1,2,0,8,3,4,2,1,4,9,2,1,0,1,2,1,1,2,1,0,0,1,3,0,6,0,0,3,1,1,2,9,5,1,1,1,0,1,1,1,0,0,3,1,0,0,0,1,1,1,1,8,4,4,0,1,2,2,2,2,4,1,2,2,2,1,5,2,1,2,3,2,1,5,4,1,1,4,0,4,3,7,1,1,1,6,1,1,1,1,3,1,1,7,0,1,1,3,2,1,0,2,1,1,1,0,1,9,1,0,0,2
120,0,0,7,3,1,0,0,0,0,0,0,1,1,3,0,1,0,2,1,1,4,1,0,1,1,0,0,1,2,0,1,0,6,0,0,2,0,1,5,5,0,1,0,1,0,0,0,2,0,2,0,0,0,1,0,0,0,1,0,0,0,0,0,0,0,0,0,0,0,0,0,0,0,0,1,0,0,0,0,0,2,0,0,0,0,1,2,1,0,0,0,0,1,0,1,0,3,0,1,4,1,1,0,2,0,0,2,1,1,1,4,3,0,0,0,0,0,0,1,0,0,0,1,1,1,1,1,0,0,1,0,0,1,1,0,0,3,0,0,0,2
121,0,0,4,0,0,0,0,0,0,1,0,1,1,3,0,1,0,2,1,0,3,0,0,2,0,0,0,1,0,0,2,0,2,0,0,0,0,1,5,1,0,1,0,2,0,0,0,2,0,2,1,0,1,0,1,0,0,0,0,1,2,1,0,0,0,0,0,0,0,0,0,1,0,0,0,0,0,0,0,0,2,0,0,0,0,2,1,1,0,0,0,0,1,0,0,0,2,0,0,0,1,1,0,3,0,0,1,0,1,1,2,2,0,0,0,0,0,0,0,0,0,0,0,0,1,1,2,0,2,1,0,0,1,1,0,0,3,0,0,0,0
122,3,1,1,2,0,2,3,0,4,3,0,0,0,1,1,0,2,0,1,0,14,4,1,5,0,0,0,2,0,0,0,0,5,5,5,0,0,6,4,3,0,0,1,1,0,1,3,1,0,0,0,3,0,2,0,1,1,1,3,1,10,2,1,0,1,0,1,0,1,1,1,2,1,1,1,1,0,0,2,0,3,3,1,0,0,2,4,1,8,2,1,0,0,3,3,7,6,1,1,2,1,1,4,2,1,0,1,2,1,2,3,2,2,2,7,1,1,0,0,1,3,0,5,0,1,1,2,0,4,0,3,0,1,0,1,1,8,1,0,0,1
123,1,1,1,2,0,1,0,0,0,2,0,0,0,1,1,1,0,2,0,0,6,5,1,1,0,0,0,1,0,1,0,0,4,0,2,1,0,5,5,1,1,1,1,3,1,1,0,1,1,0,0,0,0,1,0,0,1,0,1,3,8,2,1,1,1,0,1,1,1,0,0,5,1,0,0,0,1,1,1,1,6,2,1,1,1,0,2,0,2,0,1,3,1,1,0,5,2,1,1,1,0,1,4,5,1,1,1,0,1,2,1,1,0,0,0,1,1,1,1,1,1,1,1,2,1,1,3,1,1,0,0,1,1,0,0,1,3,1,0,0,0
124,0,0,5,0,0,0,0,0,0,1,0,1,1,3,0,1,0,2,1,0,4,2,0,3,1,0,0,1,0,0,2,0,2,0,0,0,0,1,4,2,0,1,0,2,0,0,0,2,0,1,0,0,1,0,0,0,0,1,1,1,2,1,0,0,0,0,0,0,0,0,0,1,0,0,0,0,0,0,0,0,3,0,0,0,0,1,1,1,0,0,0,0,1,1,0,0,2,0,0,0,0,1,0,2,0,0,0,0,1,0,2,3,0,0,0,0,0,0,0,0,0,0,0,0,1,1,1,0,1,0,0,0,1,3,0,0,3,1,0,0,0
125,1,0,1,0,1,1,0,2,0,0,0,1,1,1,0,1,0,2,0,0,10,1,4,8,1,1,0,1,0,0,1,1,6,2,4,0,1,3,4,2,0,1,2,2,1,0,0,1,1,1,2,2,2,1,0,1,1,2,3,0,8,2,0,1,0,1,0,0,0,1,0,0,0,6,1,1,2,3,2,4,1,2,2,0,1,1,2,1,1,0,0,1,1,1,4,1,4,0,0,3,1,0,1,5,0,1,0,0,1,3,1,1,1,1,4,1,1,1,2,3,0,1,1,0,1,0,1,0,3,1,1,3,1,2,1,0,6,1,1,1,2
126,3,1,2,3,0,0,3,3,4,2,3,0,0,1,1,1,1,1,1,1,16,3,3,5,2,1,1,1,2,1,3,1,5,0,5,2,2,4,6,3,1,1,1,4,0,1,1,1,1,0,1,2,1,1,1,3,1,0,1,3,12,2,1,1,0,1,1,1,1,1,2,7,1,5,0,1,2,1,2,2,7,4,3,2,1,2,1,2,1,2,0,3,1,1,3,5,5,1,1,5,0,0,5,6,1,1,2,1,0,3,1,1,2,1,4,1,2,0,1,2,0,1,1,0,1,2,5,3,1,1,1,1,1,2,1,1,7,2,1,1,2
127,0,0,6,0,0,0,0,0,0,1,1,1,1,3,0,0,0,2,1,0,4,0,0,2,0,0,0,1,0,0,2,0,3,1,0,1,0,0,5,3,0,1,1,2,0,0,0,2,0,3,1,0,1,0,1,1,0,0,1,0,4,0,0,0,0,0,0,0,0,2,0,0,0,0,1,0,0,0,0,0,3,0,0,0,0,1,1,1,0,0,0,0,1,0,1,0,2,0,1,2,1,1,0,3,0,0,1,1,1,1,2,3,0,0,0,0,0,0,0,1,0,0,0,1,1,1,1,1,0,1,0,0,1,2,0,0,4,1,1,0,2
128,0,0,2,3,0,1,2,3,0,0,1,1,1,0,0,1,0,2,1,0,6,4,0,5,0,1,0,0,0,0,0,1,6,0,1,0,0,2,8,3,1,1,0,2,0,0,0,1,2,2,0,0,3,1,0,2,0,1,0,0,2,1,0,1,0,1,0,1,0,0,0,0,0,2,3,0,1,1,1,0,7,0,0,0,1,0,2,1,0,1,0,0,1,1,2,1,2,0,1,2,2,0,2,2,0,1,0,0,0,3,4,0,0,1,3,0,1,1,1,2,0,0,2,0,1,0,1,0,2,0,1,0,1,0,1,1,10,1,0,0,2
129,0,1,2,0,0,1,0,3,2,1,0,1,1,1,0,1,0,2,2,1,13,2,4,4,1,1,0,1,2,0,0,1,8,0,2,3,0,3,5,0,0,1,1,3,0,0,0,1,1,1,1,3,1,1,1,0,1,1,2,2,8,2,0,2,0,1,0,0,0,1,1,1,0,5,2,0,0,3,1,3,2,1,0,1,1,1,1,0,1,0,0,0,1,3,1,1,3,0,0,6,2,0,2,6,0,1,3,1,0,2,1,1,0,1,2,1,1,1,2,1,0,1,0,0,1,0,1,0,2,1,0,2,1,2,2,0,6,1,2,1,2
130,1,0,2,0,0,1,3,4,1,0,0,1,1,1,0,1,0,2,0,0,10,2,4,3,1,1,1,2,2,0,0,1,6,1,1,0,1,4,5,1,1,1,1,3,0,0,0,1,2,1,1,4,1,1,1,2,0,0,1,0,6,1,0,1,0,1,0,0,1,2,1,1,0,3,2,0,1,3,2,4,3,1,0,1,1,2,2,0,1,2,0,0,1,2,0,1,3,0,0,4,1,0,1,8,0,1,1,1,0,4,1,1,1,1,5,1,1,1,1,2,1,1,1,0,1,0,1,0,1,1,1,2,1,2,2,0,3,2,1,1,1
131,0,2,1,2,2,1,2,1,3,2,1,0,0,1,1,0,2,0,0,0,11,1,0,2,0,0,1,1,0,1,1,0,5,0,1,1,0,1,3,2,0,0,0,1,1,1,2,1,0,1,0,1,0,0,0,0,1,1,2,1,9,2,1,0,2,0,1,1,1,0,0,1,1,0,0,1,0,1,0,0,1,1,0,0,0,0,6,1,1,1,1,0,0,1,1,4,6,1,2,2,0,0,4,3,1,0,2,1,2,2,2,1,1,0,2,1,0,1,1,0,3,0,1,0,1,2,3,0,1,0,1,1,1,0,0,1,5,1,0,0,1
132,4,1,1,2,0,0,6,2,4,4,3,0,0,1,0,1,1,1,1,1,25,8,4,5,5,1,1,2,0,1,3,1,7,2,7,0,1,5,5,3,1,1,1,3,1,0,2,1,1,2,2,4,1,1,2,6,1,2,0,3,15,4,0,1,0,1,1,0,0,2,1,9,0,2,3,1,5,0,4,3,11,5,3,1,1,1,2,2,5,5,0,5,1,4,6,5,7,1,2,3,1,0,3,6,1,1,1,0,0,6,1,2,3,1,9,1,2,0,1,3,1,1,4,0,1,2,3,1,3,1,4,1,1,1,1,1,13,1,0,1,0
133,0,0,1,0,0,2,0,0,0,0,0,1,1,0,0,0,0,2,0,0,2,0,0,1,0,0,0,1,0,0,0,0,2,1,0,0,1,1,3,0,0,1,0,1,1,0,0,1,0,2,0,0,1,0,1,1,0,1,0,0,4,0,0,0,0,0,0,0,0,0,1,0,0,1,1,0,0,0,0,0,1,0,0,0,0,4,1,0,1,0,0,0,1,1,1,1,3,0,1,0,0,1,0,1,0,0,1,0,0,1,1,1,0,1,0,0,0,0,0,0,0,0,0,2,1,0,1,0,0,1,0,0,1,0,0,0,2,1,1,0,2
134,0,0,2,0,1,0,0,0,0,0,0,1,1,0,0,0,0,2,0,0,2,0,0,1,0,0,0,1,0,0,0,0,2,0,0,2,0,1,4,0,0,1,0,2,0,0,0,1,0,2,0,0,1,0,1,0,0,1,1,0,6,0,0,0,0,1,0,0,0,1,1,0,0,1,1,0,0,0,0,0,1,0,0,0,0,2,2,0,0,0,0,0,1,1,0,0,2,0,2,2,0,1,0,2,0,0,0,2,0,1,1,2,0,0,0,0,0,0,0,0,0,0,0,1,1,0,2,0,2,1,0,0,1,1,0,0,1,0,0,1,0
135,2,1,2,2,1,1,1,0,4,3,0,0,0,1,1,0,2,0,0,0,11,4,1,2,3,0,0,1,0,0,0,0,5,4,6,0,0,6,4,3,0,0,1,1,0,0,3,1,0,0,1,2,0,2,0,1,1,1,1,0,11,2,1,0,1,0,1,0,1,0,1,2,1,2,0,1,1,0,4,0,3,4,1,1,0,2,4,1,3,1,1,0,0,2,1,8,7,1,1,4,1,1,6,3,1,0,3,1,0,2,3,2,2,0,2,1,0,0,0,2,3,0,3,2,1,1,4,1,4,0,1,0,1,0,0,1,8,1,1,0,0
136,2,1,2,2,1,2,3,1,0,2,1,0,0,1,1,1,1,1,0,0,11,4,0,4,2,1,1,1,3,1,4,1,7,0,2,3,2,8,9,4,1,1,1,7,1,1,1,1,2,0,1,2,1,1,4,2,2,1,2,3,10,3,1,1,1,1,1,1,0,0,1,5,1,3,1,1,2,2,3,1,6,2,3,1,1,3,3,2,2,2,1,2,1,1,2,6,5,1,1,5,0,0,5,8,1,1,4,1,1,4,1,1,2,1,4,1,1,1,1,1,2,1,1,0,1,1,3,2,2,0,1,0,1,1,1,1,8,1,0,1,1
137,2,1,1,2,0,2,3,1,0,2,1,0,0,0,1,2,1,1,1,1,11,6,0,4,1,1,1,1,0,1,1,1,7,0,2,0,2,8,8,3,1,1,1,6,1,1,1,1,2,0,1,2,0,1,1,1,1,1,2,3,11,3,1,1,1,1,1,1,0,0,1,5,1,3,1,1,2,2,3,1,6,2,4,1,1,3,3,2,0,2,1,2,1,2,2,6,5,1,1,1,0,0,3,7,1,1,2,0,1,5,1,1,1,0,4,1,1,1,1,1,2,1,1,0,1,1,2,1,2,0,1,1,1,0,1,1,9,1,0,1,1
138,1,3,3,0,3,0,13,0,1,1,0,0,0,1,1,2,2,0,0,1,11,2,0,5,0,0,1,0,0,0,0,0,0,1,1,0,0,0,14,1,0,0,0,2,1,0,0,1,0,0,0,3,0,2,0,0,2,0,1,0,0,2,0,0,0,0,1,0,1,0,0,0,1,0,0,0,0,0,1,0,13,1,2,0,0,0,2,1,1,11,0,0,8,0,1,2,3,1,0,1,1,1,2,2,0,1,0,0,1,1,12,0,0,0,19,0,0,0,0,1,0,0,7,0,4,1,1,2,1,0,7,0,1,1,0,0,5,1,0,0,2
139,0,0,1,1,1,1,2,2,0,0,1,0,0,0,0,1,0,0,0,0,5,4,0,3,0,0,1,0,0,0,0,0,6,0,1,1,0,1,8,3,1,0,0,2,0,0,0,1,1,1,0,0,2,1,1,2,0,0,0,0,1,1,0,1,0,0,0,1,0,0,0,0,0,1,3,0,0,1,1,0,7,0,0,0,1,0,1,1,1,1,0,0,1,1,1,1,1,0,1,3,1,0,1,2,0,1,1,0,0,3,5,0,0,0,3,0,1,1,1,3,0,0,1,1,1,0,1,0,2,0,1,0,0,0,1,0,8,0,1,0,2
140,1,1,2,3,0,2,0,0,0,2,1,0,0,1,1,1,1,1,1,0,9,6,0,2,0,0,0,1,2,1,3,1,7,1,3,1,2,9,8,1,1,1,1,6,1,1,1,1,2,1,0,0,0,1,1,0,1,1,1,2,13,3,1,1,1,1,1,1,0,0,0,5,1,1,1,1,1,1,1,1,6,2,3,1,1,2,3,2,2,0,1,2,1,3,1,6,3,1,1,1,0,1,4,8,1,1,2,0,2,5,1,1,2,0,0,1,1,1,1,2,2,1,1,1,1,1,3,2,2,0,0,1,1,1,1,1,8,1,1,1,2
141,2,1,2,2,0,2,3,1,0,2,1,0,0,1,1,1,1,1,1,2,11,6,0,5,0,1,1,1,0,1,2,1,7,0,2,1,2,8,9,3,1,1,1,7,1,1,1,1,2,0,1,2,0,1,1,0,1,1,2,3,12,3,1,1,1,1,1,1,0,0,1,5,1,3,1,1,2,1,3,1,6,2,3,1,1,3,3,2,1,2,1,2,1,2,2,6,5,1,1,2,0,0,4,7,1,1,2,0,2,4,1,1,2,0,4,1,1,1,1,2,2,1,1,1,1,1,3,1,2,0,1,1,1,1,1,1,9,1,0,1,0
142,0,0,3,0,0,0,0,0,0,0,1,1,1,3,0,0,0,2,0,0,3,0,0,0,1,0,0,1,0,0,0,0,3,0,0,2,0,1,4,0,0,1,1,1,0,1,0,2,0,4,1,1,0,0,0,0,0,0,2,0,3,0,0,0,0,1,0,0,0,1,1,1,0,0,1,0,0,0,0,0,1,0,0,0,0,1,1,0,0,0,0,0,1,0,1,2,2,0,1,3,0,1,0,2,0,0,0,1,1,1,2,1,0,0,0,0,0,0,0,1,0,0,0,2,1,1,1,0,0,1,0,0,1,0,0,0,1,0,0,0,0
143,1,1,1,2,0,1,0,0,0,2,0,0,0,1,1,1,0,2,0,1,6,5,1,2,0,0,0,1,1,1,0,1,4,0,2,1,0,5,5,1,1,1,1,3,1,1,0,1,1,1,0,0,0,1,0,0,1,0,1,3,8,2,1,1,1,0,1,1,1,0,0,5,1,0,0,0,1,0,0,1,6,2,1,1,1,0,2,0,2,0,1,3,1,1,0,5,2,1,1,1,0,1,4,5,1,1,2,0,1,1,1,1,0,0,0,1,1,1,1,1,1,1,1,2,1,1,3,1,1,0,0,1,1,0,0,1,3,1,0,0,0
144,0,0,1,0,0,1,0,2,0,0,0,1,1,1,0,1,0,2,2,1,11,2,4,7,1,1,0,1,0,0,1,1,5,0,3,1,1,3,4,1,0,1,2,2,0,0,0,1,1,0,2,4,1,1,1,1,1,1,2,1,11,2,0,2,0,1,0,0,0,1,0,1,0,5,1,1,2,3,2,3,2,2,2,0,2,1,1,1,1,0,0,0,1,1,2,1,3,0,0,6,1,0,1,4,0,1,2,0,1,2,1,0,1,1,4,1,3,1,1,2,0,1,1,0,1,0,1,0,2,1,1,1,1,1,1,0,6,1,0,1,1
145,1,2,1,1,1,1,6,0,0,1,2,0,0,0,0,0,0,0,0,0,11,0,2,5,0,0,2,0,0,0,1,0,0,0,0,0,0,1,12,0,0,1,1,2,0,0,0,1,0,0,0,2,0,0,0,0,0,0,2,0,0,1,0,0,0,0,0,0,0,0,0,0,0,3,0,0,0,0,2,0,7,0,1,0,0,0,5,1,3,4,0,0,5,0,0,2,7,0,1,0,0,0,1,5,0,1,1,0,0,2,15,1,0,0,8,0,0,0,0,0,1,0,1,0,3,0,1,1,1,0,7,0,0,2,0,0,3,0,2,0,0
146,4,1,1,2,0,0,6,2,4,4,2,0,0,1,1,1,1,1,1,1,25,7,4,5,5,1,1,2,0,1,3,1,7,2,7,0,1,5,5,3,1,1,1,3,1,0,2,1,1,2,2,4,1,1,1,6,1,2,0,3,15,4,0,1,0,1,1,0,0,2,1,9,1,2,3,1,5,0,4,3,11,5,3,1,1,2,2,2,6,5,0,5,1,4,6,5,7,1,2,3,1,0,3,6,1,1,1,0,0,6,1,2,3,1,9,1,2,0,1,3,1,1,4,0,1,2,3,1,3,1,4,1,1,1,1,1,13,1,0,1,0
147,1,0,2,0,0,1,3,4,1,0,0,1,1,1,0,1,0,2,0,0,10,2,4,3,1,1,1,2,2,0,0,1,6,1,1,0,1,3,5,1,1,1,1,3,0,0,0,1,1,1,1,4,1,1,0,1,0,0,2,0,6,1,0,1,0,1,0,0,1,2,1,1,0,3,2,0,1,3,2,4,3,1,0,1,1,2,2,0,2,2,0,0,1,2,0,1,3,0,0,4,1,0,1,8,0,1,3,0,0,3,1,1,1,1,5,1,1,1,1,2,1,1,1,0,1,0,1,0,1,1,1,2,1,2,2,0,4,2,0,1,0
148,0,0,1,0,0,0,0,0,0,0,0,1,1,0,0,0,0,1,1,0,4,1,0,0,0,0,0,1,0,0,1,0,5,0,0,1,0,1,3,2,0,1,1,1,0,0,0,1,0,5,1,0,1,1,0,0,0,0,2,0,3,0,0,0,0,0,0,0,0,0,1,1,0,0,1,0,0,0,0,0,4,0,1,0,0,2,2,1,0,0,0,0,1,1,0,0,2,0,0,2,2,1,0,1,0,0,1,1,0,1,1,2,0,0,0,0,0,0,1,0,0,0,0,1,1,0,1,0,1,1,0,0,0,1,0,0,2,0,2,0,1
149,2,0,3,0,0,0,3,3,1,0,0,1,1,0,0,1,0,2,0,0,11,2,3,6,2,1,1,2,2,0,0,1,5,1,2,0,1,3,4,2,1,1,1,2,0,0,0,1,1,2,2,2,1,1,1,2,0,0,0,0,5,1,0,1,0,1,1,0,1,2,1,1,0,2,1,0,2,2,2,3,3,1,0,2,1,2,2,0,1,2,0,0,1,2,2,1,3,1,1,3,1,0,1,8,0,1,1,1,0,6,1,1,1,1,5,1,1,0,1,1,1,1,1,1,1,1,1,1,1,1,2,2,1,1,1,0,2,2,6,1,2
150,0,1,1,2,0,1,0,0,0,3,1,0,0,1,1,1,0,2,0,0,7,4,1,3,0,0,0,1,0,1,1,0,6,0,2,1,0,4,5,2,1,1,1,3,1,1,0,1,1,1,0,0,0,1,0,0,1,0,1,3,8,2,1,1,1,0,1,1,1,2,0,4,1,0,0,0,1,1,0,1,5,2,1,1,1,1,1,1,2,0,1,3,1,1,1,3,1,1,1,1,0,1,4,5,1,1,1,0,1,2,1,1,0,0,0,1,1,1,1,1,0,1,0,1,1,1,3,1,1,0,0,1,1,0,0,1,4,1,1,0,0
